time recorded,turntable temp, turntable velocity, turntable goal, turntable position, turntable torque, shoulder temp, shoulder velocity, shoulder goal, shoulder position, shoulder torque, elbow temp, elbow velocity, elbow goal, elbow position, elbow torque, wrist temp, wrist velocity, wrist goal, wrist position, wrist torque, wrist rotation temp, wrist rotation velocity, wrist rotation goal, wrist rotation position, wrist rotation torque, gripper temp, gripper velocity, gripper goal, gripper position, gripper torque
0,0,0,0,0,0,0,0,0,0,0,0,0,0,0,0,0,0,0,0,0,0,0,0,0,0,0,0,0,0,0,
0,0,0,0,0,0,0,0,0,0,0,0,0,0,0,0,0,0,0,0,0,0,0,0,0,0,0,0,0,0,0,
1530844586,0,0,0,0,0,0,0,0,0,0,0,0,0,0,0,0,0,0,0,0,0,0,0,0,0,0,0,0,0,0,
1530844586,0,0,0,0,0,0,0,0,0,0,0,0,0,0,0,0,0,0,0,0,0,0,0,0,0,0,0,0,0,0,
1530844586,0,0,0,0,0,0,0,0,0,0,0,0,0,0,0,0,0,0,0,0,0,0,0,0,0,0,0,0,0,0,
1530844592,0,0,0,0,0,0,0,0,0,0,0,0,0,0,0,0,0,0,0,0,0,0,0,0,0,0,0,0,0,0,
1530844592,24,0,2434,2434,1,24,0,2630,2630,1,23,0,617,616,1,24,0,1198,1198,1,24,0,2048,2048,1,24,0,2470,2469,1,
1530844597,25,0,2434,2434,1,23,0,2630,2630,1,24,0,617,616,1,24,0,1198,1198,1,24,0,2048,2048,1,24,0,2470,2469,1,
1530844603,25,0,2434,2434,1,23,0,2630,2630,1,24,0,617,616,1,24,0,1198,1198,1,24,0,2048,2048,1,24,0,2470,2469,1,
1530844603,25,0,2434,2434,1,24,0,2630,2629,1,24,0,617,616,1,24,0,1198,1198,1,24,0,2048,2048,1,24,0,2470,2470,1,
1530844608,25,0,2434,2434,1,24,0,2630,2629,1,24,0,617,616,1,24,0,1198,1198,1,24,0,2048,2048,1,24,0,2470,2470,1,
1530844608,25,0,2434,2434,1,24,0,2630,2629,1,23,0,617,616,1,24,0,1198,1198,1,24,0,2048,2048,1,24,0,2470,2470,1,
1530844608,25,0,2434,2434,1,25,0,2630,2629,1,24,0,617,616,1,24,0,1198,1198,1,24,0,2048,2048,1,24,0,2470,2470,1,
1530844614,25,0,2434,2434,1,25,0,2630,2629,1,24,0,617,616,1,24,0,1198,1198,1,24,0,2048,2048,1,24,0,2470,2470,1,
1530844614,25,0,2434,2434,1,24,0,2630,2629,1,24,0,617,616,1,24,0,1198,1198,1,24,0,2048,2048,1,24,0,2470,2470,1,
1530844619,25,0,2434,2434,1,24,0,2630,2629,1,24,0,617,616,1,24,0,1198,1198,1,24,0,2048,2048,1,24,0,2470,2470,1,
1530844619,25,0,2434,2434,1,24,0,2630,2629,1,24,0,617,616,1,24,0,1198,1198,1,24,0,2048,2048,1,24,0,2470,2470,1,
1530844625,25,0,2434,2434,1,25,0,2630,2629,1,24,0,617,616,1,24,0,1198,1198,1,24,0,2048,2048,1,24,0,2470,2470,1,
1530844630,25,0,2434,2434,1,25,0,2630,2629,1,24,0,617,616,1,24,0,1198,1198,1,24,0,2048,2048,1,24,0,2470,2470,1,
1530844630,25,0,2434,2434,1,25,0,2630,2629,1,25,0,617,616,1,24,0,1198,1198,1,25,0,2048,2048,1,24,0,2470,2470,1,
1530844636,25,0,2434,2434,1,25,0,2630,2629,1,25,0,617,616,1,24,0,1198,1198,1,25,0,2048,2048,1,24,0,2470,2470,1,
1530844636,25,0,2434,2434,1,25,0,2630,2629,1,24,0,617,616,1,24,0,1198,1198,1,25,0,2048,2048,1,24,0,2470,2470,1,
1530844641,25,0,2434,2434,1,25,0,2630,2629,1,25,0,617,616,1,24,0,1198,1198,1,25,0,2048,2048,1,24,0,2470,2470,1,
1530844647,25,0,2434,2434,1,25,0,2630,2629,1,25,0,617,616,1,24,0,1198,1198,1,25,0,2048,2048,1,24,0,2470,2470,1,
1530844647,25,0,2434,2434,1,25,0,2630,2629,1,25,0,617,616,1,25,0,1198,1198,1,25,0,2048,2048,1,25,0,2470,2470,1,
1530844652,25,0,2434,2434,1,25,0,2630,2629,1,25,0,617,616,1,25,0,1198,1198,1,25,0,2048,2048,1,25,0,2470,2470,1,
1530844652,26,0,2434,2434,1,26,0,2630,2629,1,25,0,617,616,1,25,0,1198,1198,1,25,0,2048,2048,1,25,0,2470,2470,1,
1530844657,26,0,2434,2434,1,26,0,2630,2629,1,25,0,617,617,1,25,0,1198,1198,1,25,0,2048,2048,1,25,0,2470,2470,1,
1530844663,26,0,2434,2434,1,26,0,2630,2629,1,25,0,617,617,1,25,0,1198,1198,1,25,0,2048,2048,1,25,0,2470,2470,1,
1530844663,26,0,2434,2434,1,25,0,2630,2629,1,25,0,617,616,1,25,0,1198,1198,1,25,0,2048,2048,1,25,0,2470,2470,1,
1536052910,26,0,2434,2434,1,25,0,2630,2629,1,25,0,617,616,1,25,0,1198,1198,1,25,0,2048,2048,1,25,0,2470,2470,1,
1536052910,26,0,2434,2434,1,25,0,2630,2629,1,25,0,617,616,1,25,0,1198,1198,1,25,0,2048,2048,1,25,0,2470,2470,1,
1536052910,26,0,2434,2434,1,26,0,2630,2629,1,24,0,617,616,1,25,0,1198,1198,1,25,0,2048,2048,1,25,0,2470,2470,1,
1536052916,26,0,2434,2434,1,26,0,2630,2629,1,24,0,617,616,1,25,0,1198,1198,1,25,0,2048,2048,1,25,0,2470,2470,1,
1536052916,26,0,2434,2434,1,25,0,2630,2629,1,25,0,617,616,1,25,0,1198,1198,1,25,0,2048,2048,1,25,0,2470,2470,1,
1536052921,26,0,2434,2434,1,25,0,2630,2629,1,25,0,617,616,1,25,0,1198,1198,1,25,0,2048,2048,1,25,0,2470,2470,1,
1536052921,26,0,2434,2434,1,26,0,2630,2629,1,25,0,617,616,1,25,0,1198,1198,1,25,0,2048,2048,1,25,0,2470,2470,1,
1536052927,26,0,2434,2434,1,26,0,2630,2629,1,26,0,617,616,1,25,0,1198,1198,1,25,0,2048,2048,1,25,0,2470,2470,1,
1536052932,26,0,2434,2434,1,26,0,2630,2629,1,26,0,617,616,1,25,0,1198,1198,1,25,0,2048,2048,1,25,0,2470,2470,1,
1536052932,26,0,2434,2434,1,26,0,2630,2629,1,25,0,617,616,1,25,0,1198,1198,1,25,0,2048,2048,1,25,0,2470,2470,1,
1536052938,26,0,2434,2434,1,26,0,2630,2629,1,25,0,617,616,1,25,0,1198,1198,1,25,0,2048,2048,1,25,0,2470,2470,1,
1536052938,26,0,2434,2434,1,25,0,2630,2629,1,25,0,617,616,1,25,0,1198,1198,1,25,0,2048,2048,1,25,0,2470,2470,1,
1536052943,26,0,2434,2434,1,26,0,2630,2629,1,25,0,617,616,1,25,0,1198,1198,1,25,0,2048,2048,1,25,0,2470,2470,1,
1536052949,26,0,2434,2434,1,26,0,2630,2629,1,25,0,617,616,1,25,0,1198,1198,1,25,0,2048,2048,1,25,0,2470,2470,1,
1536052949,26,0,2434,2434,1,26,0,2630,2629,1,26,0,617,616,1,25,0,1198,1198,1,25,0,2048,2048,1,25,0,2470,2470,1,
1536052954,26,0,2434,2434,1,26,0,2630,2629,1,26,0,617,616,1,25,0,1198,1198,1,25,0,2048,2048,1,25,0,2470,2470,1,
1536052954,26,0,2434,2434,1,26,0,2630,2629,1,25,0,617,616,1,25,0,1198,1198,1,25,0,2048,2048,1,25,0,2470,2470,1,
1536052960,26,0,2434,2434,1,26,0,2630,2629,1,26,0,617,616,1,25,0,1198,1198,1,25,0,2048,2048,1,25,0,2470,2470,1,
1536052965,26,0,2434,2434,1,26,0,2630,2629,1,26,0,617,616,1,25,0,1198,1198,1,25,0,2048,2048,1,25,0,2470,2470,1,
1536052965,26,0,2434,2434,1,25,0,2630,2629,1,25,0,617,616,1,25,0,1198,1198,1,25,0,2048,2048,1,25,0,2470,2470,1,
1536052965,26,0,2434,2434,1,25,0,2630,2629,1,25,0,617,616,1,25,0,1198,1198,1,25,0,2048,2048,1,25,0,2470,2470,1,
1536052965,26,0,2434,2434,1,26,0,2630,2629,1,25,0,617,616,1,25,0,1198,1198,1,25,0,2048,2048,1,25,0,2470,2470,1,
1536052971,26,0,2434,2434,1,26,0,2630,2629,1,25,0,617,616,1,25,0,1198,1198,1,26,0,2048,2048,1,25,0,2470,2470,1,
1536052976,26,0,2434,2434,1,26,0,2630,2629,1,25,0,617,616,1,25,0,1198,1198,1,26,0,2048,2048,1,25,0,2470,2470,1,
1536052976,27,0,2434,2434,1,26,0,2630,2629,1,26,0,617,616,1,25,0,1198,1198,1,26,0,2048,2048,1,25,0,2470,2470,1,
1536052981,27,0,2434,2434,1,26,0,2630,2629,1,26,0,617,616,1,25,0,1198,1198,1,26,0,2048,2048,1,25,0,2470,2470,1,
1536052981,27,0,2434,2434,1,26,0,2630,2629,1,25,0,617,616,1,25,0,1198,1198,1,26,0,2048,2048,1,25,0,2470,2470,1,
1536052987,27,0,2434,2434,1,25,0,2630,2629,1,25,0,617,616,1,26,0,1198,1198,1,26,0,2048,2048,1,25,0,2470,2470,1,
1536052992,27,0,2434,2434,1,25,0,2630,2629,1,25,0,617,616,1,26,0,1198,1198,1,26,0,2048,2048,1,25,0,2470,2470,1,
1536052992,27,0,2434,2434,1,26,0,2630,2629,1,26,0,617,616,1,26,0,1198,1198,1,26,0,2048,2048,1,25,0,2470,2470,1,
1536052998,27,0,2434,2434,1,26,0,2630,2629,1,26,0,617,616,1,26,0,1198,1198,1,26,0,2048,2048,1,25,0,2470,2470,1,
1536052998,27,0,2434,2434,1,26,0,2630,2629,1,25,0,617,616,1,26,0,1198,1198,1,26,0,2048,2048,1,26,0,2470,2470,1,
1536053003,27,0,2434,2434,1,26,0,2630,2629,1,26,0,617,616,1,26,0,1198,1198,1,26,0,2048,2048,1,26,0,2470,2470,1,
1536053009,27,0,2434,2434,1,26,0,2630,2629,1,26,0,617,616,1,26,0,1198,1198,1,26,0,2048,2048,1,26,0,2470,2470,1,
1536053009,27,0,2434,2434,1,26,0,2630,2629,1,25,0,617,616,1,26,0,1198,1198,1,26,0,2048,2048,1,26,0,2470,2470,1,
1536053014,27,0,2434,2434,1,26,0,2630,2629,1,25,0,617,616,1,26,0,1198,1198,1,26,0,2048,2048,1,26,0,2470,2470,1,
1536053014,27,0,2434,2434,1,26,0,2630,2629,1,26,0,617,616,1,26,0,1198,1198,1,26,0,2048,2048,1,26,0,2470,2470,1,
1536053020,27,0,2434,2434,1,26,0,2630,2629,1,25,0,617,616,1,26,0,1198,1198,1,26,0,2048,2048,1,26,0,2470,2470,1,
1536053025,27,0,2434,2434,1,26,0,2630,2629,1,25,0,617,616,1,26,0,1198,1198,1,26,0,2048,2048,1,26,0,2470,2470,1,
1536053025,27,0,2434,2434,1,26,0,2630,2629,1,25,0,617,616,1,26,0,1198,1198,1,26,0,2048,2048,1,26,0,2470,2470,1,
1536053025,27,0,2434,2434,1,26,0,2630,2629,1,25,0,617,616,1,26,0,1198,1198,1,26,0,2048,2048,1,26,0,2470,2470,1,
1536053025,27,0,2434,2434,1,26,0,2630,2629,1,25,0,617,616,1,26,0,1198,1198,1,26,0,2048,2048,1,26,0,2470,2470,1,
1536053030,27,0,2434,2434,1,26,0,2630,2629,1,26,0,617,616,1,26,0,1198,1198,1,26,0,2048,2048,1,26,0,2470,2470,1,
1536053035,27,0,2434,2434,1,26,0,2630,2629,1,26,0,617,616,1,26,0,1198,1198,1,26,0,2048,2048,1,26,0,2470,2470,1,
1536053035,27,0,2434,2434,1,27,0,2630,2629,1,26,0,617,616,1,26,0,1198,1198,1,26,0,2048,2048,1,26,0,2470,2470,1,
1536053041,27,0,2434,2434,1,27,0,2630,2629,1,26,0,617,616,1,26,0,1198,1198,1,26,0,2048,2048,1,26,0,2470,2470,1,
1536053041,27,0,2434,2434,1,27,0,2630,2629,1,26,0,617,616,1,26,0,1198,1198,1,26,0,2048,2048,1,26,0,2470,2470,1,
1536053046,27,0,2434,2434,1,27,0,2630,2629,1,25,0,617,616,1,26,0,1198,1198,1,26,0,2048,2048,1,26,0,2470,2470,1,
1536053052,27,0,2434,2434,1,27,0,2630,2629,1,25,0,617,616,1,26,0,1198,1198,1,26,0,2048,2048,1,26,0,2470,2470,1,
1536053052,27,0,2434,2434,1,26,0,2630,2629,1,26,0,617,616,1,26,0,1198,1198,1,26,0,2048,2048,1,26,0,2470,2470,1,
1536053057,27,0,2434,2434,1,26,0,2630,2629,1,26,0,617,616,1,26,0,1198,1198,1,26,0,2048,2048,1,26,0,2470,2470,1,
1536053057,27,0,2434,2434,1,27,0,2630,2629,1,25,0,617,616,1,26,0,1198,1198,1,26,0,2048,2048,1,26,0,2470,2471,1,
1536053062,27,0,2434,2434,1,27,0,2630,2629,1,25,0,617,616,1,26,0,1198,1198,1,26,0,2048,2048,1,26,0,2470,2470,1,
1536053068,27,0,2434,2434,1,27,0,2630,2629,1,25,0,617,616,1,26,0,1198,1198,1,26,0,2048,2048,1,26,0,2470,2470,1,
1536053068,27,0,2434,2434,1,27,0,2630,2629,1,26,0,617,616,1,26,0,1198,1198,1,26,0,2048,2048,1,26,0,2470,2470,1,
1536053073,27,0,2434,2434,1,27,0,2630,2629,1,26,0,617,616,1,26,0,1198,1198,1,26,0,2048,2048,1,26,0,2470,2470,1,
1536053073,27,0,2434,2434,1,27,0,2630,2629,1,26,0,617,616,1,26,0,1198,1198,1,27,0,2048,2048,1,26,0,2470,2470,1,
1536053079,27,0,2434,2434,1,26,0,2630,2629,1,26,0,617,616,1,26,0,1198,1198,1,27,0,2048,2048,1,26,0,2470,2470,1,
1536053084,27,0,2434,2434,1,26,0,2630,2629,1,26,0,617,616,1,26,0,1198,1198,1,27,0,2048,2048,1,26,0,2470,2470,1,
1536053084,27,0,2434,2434,1,27,0,2630,2629,1,26,0,617,616,1,27,0,1198,1198,1,27,0,2048,2048,1,26,0,2470,2470,1,
1536053084,27,0,2434,2434,1,27,0,2630,2629,1,26,0,617,616,1,27,0,1198,1198,1,27,0,2048,2048,1,26,0,2470,2470,1,
1536053084,27,0,2434,2434,1,27,0,2630,2629,1,26,0,617,616,1,27,0,1198,1198,1,27,0,2048,2048,1,26,0,2470,2470,1,
1536053090,27,0,2434,2434,1,27,0,2630,2629,1,26,0,617,616,1,27,0,1198,1198,1,27,0,2048,2048,1,27,0,2470,2470,1,
1536053095,27,0,2434,2434,1,27,0,2630,2629,1,26,0,617,616,1,27,0,1198,1198,1,27,0,2048,2048,1,27,0,2470,2470,1,
1536053095,27,0,2434,2434,1,26,0,2630,2629,1,27,0,617,616,1,27,0,1198,1198,1,27,0,2048,2048,1,26,0,2470,2470,1,
1536053101,27,0,2434,2434,1,26,0,2630,2629,1,27,0,617,616,1,27,0,1198,1198,1,27,0,2048,2048,1,26,0,2470,2470,1,
1536053101,27,0,2434,2434,1,26,0,2630,2629,1,25,0,617,616,1,27,0,1198,1198,1,27,0,2048,2048,1,27,0,2470,2470,1,
1536053106,27,0,2434,2434,1,26,0,2630,2629,1,27,0,617,616,1,27,0,1198,1198,1,27,0,2048,2048,1,26,0,2470,2470,1,
1536053112,27,0,2434,2434,1,26,0,2630,2629,1,27,0,617,616,1,27,0,1198,1198,1,27,0,2048,2048,1,26,0,2470,2470,1,
1536053112,27,0,2434,2434,1,27,0,2630,2629,1,26,0,617,616,1,27,0,1198,1198,1,27,0,2048,2048,1,27,0,2470,2470,1,
1536053117,27,0,2434,2434,1,27,0,2630,2629,1,26,0,617,616,1,27,0,1198,1198,1,27,0,2048,2048,1,27,0,2470,2470,1,
1536053117,27,0,2434,2434,1,27,0,2630,2629,1,26,0,617,616,1,27,0,1198,1198,1,27,0,2048,2048,1,27,0,2470,2470,1,
1536053123,27,0,2434,2434,1,27,0,2630,2629,1,26,0,617,616,1,27,0,1198,1198,1,27,0,2048,2048,1,26,0,2470,2470,1,
1536053128,27,0,2434,2434,1,27,0,2630,2629,1,26,0,617,616,1,27,0,1198,1198,1,27,0,2048,2048,1,26,0,2470,2470,1,
1536053128,27,0,2434,2434,1,26,0,2630,2629,1,26,0,617,616,1,27,0,1198,1198,1,27,0,2048,2048,1,26,0,2470,2470,1,
1536053134,27,0,2434,2434,1,26,0,2630,2629,1,26,0,617,616,1,27,0,1198,1198,1,27,0,2048,2048,1,26,0,2470,2470,1,
1536053134,27,0,2434,2434,1,27,0,2630,2629,1,26,0,617,616,1,27,0,1198,1198,1,27,0,2048,2048,1,26,0,2470,2470,1,
1536053139,27,0,2434,2434,1,27,0,2630,2629,1,26,0,617,616,1,27,0,1198,1198,1,27,0,2048,2048,1,27,0,2470,2470,1,
1536053144,27,0,2434,2434,1,27,0,2630,2629,1,26,0,617,616,1,27,0,1198,1198,1,27,0,2048,2048,1,27,0,2470,2470,1,
1536053144,27,0,2434,2434,1,27,0,2630,2629,1,27,0,617,616,1,27,0,1198,1198,1,27,0,2048,2048,1,27,0,2470,2470,1,
1536053144,27,0,2434,2434,1,27,0,2630,2629,1,27,0,617,616,1,27,0,1198,1198,1,27,0,2048,2048,1,27,0,2470,2470,1,
1536053144,28,0,2434,2434,1,27,0,2630,2629,1,26,0,617,616,1,27,0,1198,1198,1,27,0,2048,2048,1,27,0,2470,2470,1,
1536053150,28,0,2434,2434,1,27,0,2630,2629,1,27,0,617,616,1,27,0,1198,1198,1,27,0,2048,2048,1,27,0,2470,2470,1,
1536053155,28,0,2434,2434,1,27,0,2630,2629,1,27,0,617,616,1,27,0,1198,1198,1,27,0,2048,2048,1,27,0,2470,2470,1,
1536053155,28,0,2434,2434,1,27,0,2630,2629,1,27,0,617,616,1,27,0,1198,1198,1,27,0,2048,2048,1,27,0,2470,2470,1,
1536053161,28,0,2434,2434,1,27,0,2630,2629,1,27,0,617,616,1,27,0,1198,1198,1,27,0,2048,2048,1,27,0,2470,2470,1,
1536053161,28,0,2434,2434,1,27,0,2630,2629,1,26,0,617,616,1,27,0,1198,1198,1,27,0,2048,2048,1,27,0,2470,2470,1,
1536053166,28,0,2434,2434,1,27,0,2630,2629,1,27,0,617,616,1,27,0,1198,1198,1,27,0,2048,2048,1,27,0,2470,2470,1,
1536053172,28,0,2434,2434,1,27,0,2630,2629,1,27,0,617,616,1,27,0,1198,1198,1,27,0,2048,2048,1,27,0,2470,2470,1,
1536053172,28,0,2434,2434,1,26,0,2630,2629,1,27,0,617,616,1,27,0,1198,1198,1,27,0,2048,2048,1,27,0,2470,2470,1,
1536053177,28,0,2434,2434,1,26,0,2630,2629,1,27,0,617,616,1,27,0,1198,1198,1,27,0,2048,2048,1,27,0,2470,2470,1,
1536053177,28,0,2434,2434,1,27,0,2630,2629,1,27,0,617,616,1,27,0,1198,1198,1,27,0,2048,2048,1,27,0,2470,2470,1,
1536053183,28,0,2434,2434,1,27,0,2630,2629,1,27,0,617,616,1,27,0,1198,1198,1,27,0,2048,2048,1,27,0,2470,2470,1,
1536053188,28,0,2434,2434,1,27,0,2630,2629,1,27,0,617,616,1,27,0,1198,1198,1,27,0,2048,2048,1,27,0,2470,2470,1,
1536053188,28,0,2434,2434,1,27,0,2630,2629,1,26,0,617,616,1,27,0,1198,1198,1,27,0,2048,2048,1,27,0,2470,2470,1,
1536053194,28,0,2434,2434,1,27,0,2630,2629,1,26,0,617,616,1,27,0,1198,1198,1,27,0,2048,2048,1,27,0,2470,2470,1,
1536053194,28,0,2434,2434,1,27,0,2630,2629,1,26,0,617,616,1,27,0,1198,1198,1,27,0,2048,2048,1,27,0,2470,2470,1,
1536053199,28,0,2434,2434,1,27,0,2630,2629,1,27,0,617,616,1,27,0,1198,1198,1,28,0,2048,2048,1,27,0,2470,2470,1,
1536053199,28,0,2434,2434,1,27,0,2630,2629,1,27,0,617,616,1,27,0,1198,1198,1,28,0,2048,2048,1,27,0,2470,2470,1,
1536053199,28,0,2434,2434,1,27,0,2630,2629,1,26,0,617,616,1,27,0,1198,1198,1,28,0,2048,2048,1,27,0,2470,2470,1,
1536053205,28,0,2434,2434,1,27,0,2630,2629,1,26,0,617,616,1,27,0,1198,1198,1,28,0,2048,2048,1,27,0,2470,2470,1,
1536053205,28,0,2434,2434,1,27,0,2630,2629,1,26,0,617,616,1,27,0,1198,1198,1,28,0,2048,2048,1,27,0,2470,2470,1,
1536053205,28,0,2434,2434,1,28,0,2630,2629,1,26,0,617,616,1,27,0,1198,1198,1,28,0,2048,2048,1,27,0,2470,2470,1,
1536053211,28,0,2434,2434,1,28,0,2630,2629,1,26,0,617,616,1,27,0,1198,1198,1,28,0,2048,2048,1,27,0,2470,2470,1,
1536053211,28,0,2434,2434,1,27,0,2630,2629,1,26,0,617,616,1,27,0,1198,1198,1,28,0,2048,2048,1,27,0,2470,2470,1,
1536053216,28,0,2434,2434,1,27,0,2630,2629,1,26,0,617,616,1,27,0,1198,1198,1,28,0,2048,2048,1,27,0,2470,2470,1,
1536053216,28,0,2434,2434,1,27,0,2630,2629,1,27,0,617,616,1,27,0,1198,1198,1,28,0,2048,2048,1,27,0,2470,2470,1,
1536053221,28,0,2434,2434,1,28,0,2630,2629,1,27,0,617,616,1,27,0,1198,1198,1,28,0,2048,2048,1,27,0,2470,2470,1,
1536053227,28,0,2434,2434,1,28,0,2630,2629,1,27,0,617,616,1,27,0,1198,1198,1,28,0,2048,2048,1,27,0,2470,2470,1,
1536053227,28,0,2434,2434,1,27,0,2630,2629,1,27,0,617,616,1,27,0,1198,1198,1,28,0,2048,2048,1,27,0,2470,2470,1,
1536053232,28,0,2434,2434,1,27,0,2630,2629,1,27,0,617,616,1,27,0,1198,1198,1,28,0,2048,2048,1,27,0,2470,2470,1,
1536053232,28,0,2434,2434,1,28,0,2630,2629,1,27,0,617,616,1,27,0,1198,1198,1,28,0,2048,2048,1,27,0,2470,2470,1,
1536053238,28,0,2434,2434,1,27,0,2630,2629,1,27,0,617,616,1,27,0,1198,1198,1,28,0,2048,2048,1,27,0,2470,2470,1,
1536053243,28,0,2434,2434,1,27,0,2630,2629,1,27,0,617,616,1,27,0,1198,1198,1,28,0,2048,2048,1,27,0,2470,2470,1,
1536053243,28,0,2434,2434,1,27,0,2630,2629,1,27,0,617,616,1,27,0,1198,1198,1,28,0,2048,2048,1,27,0,2470,2470,1,
1536053249,28,0,2434,2434,1,27,0,2630,2629,1,27,0,617,616,1,27,0,1198,1198,1,28,0,2048,2048,1,27,0,2470,2470,1,
1536053249,28,0,2434,2434,1,28,0,2630,2629,1,27,0,617,616,1,27,0,1198,1198,1,28,0,2048,2048,1,27,0,2470,2470,1,
1536053254,28,0,2434,2434,1,27,0,2630,2629,1,27,0,617,616,1,27,0,1198,1198,1,28,0,2048,2048,1,28,0,2470,2470,1,
1536053254,28,0,2434,2434,1,27,0,2630,2629,1,27,0,617,616,1,27,0,1198,1198,1,28,0,2048,2048,1,28,0,2470,2470,1,
1536053254,28,0,2434,2434,1,27,0,2630,2629,1,28,0,617,616,1,28,0,1198,1198,1,28,0,2048,2048,1,28,0,2470,2470,1,
1536053265,28,0,2434,2434,1,27,0,2630,2629,1,28,0,617,616,1,28,0,1198,1198,1,28,0,2048,2048,1,28,0,2470,2470,1,
1536053265,28,0,2434,2434,1,27,0,2630,2629,1,27,0,617,616,1,28,0,1198,1198,1,28,0,2048,2048,1,27,0,2470,2470,1,
1536053270,28,0,2434,2434,1,28,0,2630,2629,1,27,0,617,616,1,28,0,1198,1198,1,28,0,2048,2048,1,28,0,2470,2470,1,
1536053276,28,0,2434,2434,1,28,0,2630,2629,1,27,0,617,616,1,28,0,1198,1198,1,28,0,2048,2048,1,28,0,2470,2470,1,
1536053276,28,0,2434,2434,1,28,0,2630,2629,1,27,0,617,616,1,28,0,1198,1198,1,28,0,2048,2048,1,28,0,2470,2470,1,
1536053281,28,0,2434,2434,1,28,0,2630,2629,1,27,0,617,616,1,28,0,1198,1198,1,28,0,2048,2048,1,28,0,2470,2470,1,
1536053281,28,0,2434,2434,1,27,0,2630,2629,1,27,0,617,616,1,28,0,1198,1198,1,28,0,2048,2048,1,28,0,2470,2470,1,
1536053287,28,0,2434,2434,1,27,0,2630,2629,1,28,0,617,616,1,28,0,1198,1198,1,28,0,2048,2048,1,28,0,2470,2470,1,
1536053292,28,0,2434,2434,1,27,0,2630,2629,1,28,0,617,616,1,28,0,1198,1198,1,28,0,2048,2048,1,28,0,2470,2470,1,
1536053292,28,0,2434,2434,1,27,0,2630,2629,1,27,0,617,616,1,28,0,1198,1198,1,28,0,2048,2048,1,28,0,2470,2470,1,
1536053298,28,0,2434,2434,1,27,0,2630,2629,1,27,0,617,616,1,28,0,1198,1198,1,28,0,2048,2048,1,28,0,2470,2470,1,
1536053298,28,0,2434,2434,1,28,0,2630,2629,1,27,0,617,616,1,28,0,1198,1198,1,28,0,2048,2048,1,28,0,2470,2470,1,
1536053303,28,0,2434,2434,1,28,0,2630,2629,1,27,0,617,616,1,28,0,1198,1198,1,28,0,2048,2048,1,27,0,2470,2470,1,
1536053308,28,0,2434,2434,1,28,0,2630,2629,1,27,0,617,616,1,28,0,1198,1198,1,28,0,2048,2048,1,27,0,2470,2470,1,
1536053308,28,0,2434,2434,1,27,0,2630,2629,1,27,0,617,616,1,28,0,1198,1198,1,28,0,2048,2048,1,28,0,2470,2470,1,
1536053314,28,0,2434,2434,1,27,0,2630,2629,1,27,0,617,616,1,28,0,1198,1198,1,28,0,2048,2048,1,28,0,2470,2470,1,
1536053314,28,0,2434,2434,1,28,0,2630,2629,1,27,0,617,616,1,28,0,1198,1198,1,28,0,2048,2048,1,28,0,2470,2470,1,
1536053319,28,0,2434,2434,1,28,0,2630,2629,1,27,0,617,616,1,28,0,1198,1198,1,28,0,2048,2048,1,28,0,2470,2470,1,
1536053319,28,0,2434,2434,1,28,0,2630,2629,1,27,0,617,616,1,28,0,1198,1198,1,28,0,2048,2048,1,28,0,2470,2470,1,
1536053319,28,0,2434,2434,1,27,0,2630,2629,1,28,0,617,616,1,28,0,1198,1198,1,28,0,2048,2048,1,28,0,2470,2470,1,
1536053325,28,0,2434,2434,1,27,0,2630,2629,1,28,0,617,616,1,28,0,1198,1198,1,28,0,2048,2048,1,28,0,2470,2470,1,
1536053325,28,0,2434,2434,1,28,0,2630,2629,1,28,0,617,616,1,28,0,1198,1198,1,28,0,2048,2048,1,28,0,2470,2470,1,
1536053330,28,0,2434,2434,1,27,0,2630,2629,1,27,0,617,616,1,28,0,1198,1198,1,28,0,2048,2048,1,28,0,2470,2470,1,
1536053336,28,0,2434,2434,1,27,0,2630,2629,1,27,0,617,616,1,28,0,1198,1198,1,28,0,2048,2048,1,28,0,2470,2470,1,
1536053336,28,0,2434,2434,1,28,0,2630,2629,1,27,0,617,616,1,28,0,1198,1198,1,28,0,2048,2048,1,28,0,2470,2470,1,
1536053341,28,0,2434,2434,1,28,0,2630,2629,1,27,0,617,616,1,28,0,1198,1198,1,28,0,2048,2048,1,28,0,2470,2470,1,
1536053341,28,0,2434,2434,1,27,0,2630,2629,1,28,0,617,616,1,28,0,1198,1198,1,28,0,2048,2048,1,28,0,2470,2470,1,
1536053347,28,0,2434,2434,1,28,0,2630,2629,1,28,0,617,616,1,28,0,1198,1198,1,28,0,2048,2048,1,28,0,2470,2470,1,
1536053352,28,0,2434,2434,1,28,0,2630,2629,1,28,0,617,616,1,28,0,1198,1198,1,28,0,2048,2048,1,28,0,2470,2470,1,
1536053352,28,0,2434,2434,1,28,0,2630,2629,1,27,0,617,616,1,28,0,1198,1198,1,28,0,2048,2048,1,27,0,2470,2470,1,
1536053358,28,0,2434,2434,1,28,0,2630,2629,1,27,0,617,616,1,28,0,1198,1198,1,28,0,2048,2048,1,27,0,2470,2470,1,
0,0,0,0,0,0,0,0,0,0,0,0,0,0,0,0,0,0,0,0,0,0,0,0,0,0,0,0,0,0,0,
1530844586,0,0,0,0,0,0,0,0,0,0,0,0,0,0,0,0,0,0,0,0,0,0,0,0,0,0,0,0,0,0,
1530844586,0,0,0,0,0,0,0,0,0,0,0,0,0,0,0,0,0,0,0,0,0,0,0,0,0,0,0,0,0,0,
1530844586,0,0,0,0,0,0,0,0,0,0,0,0,0,0,0,0,0,0,0,0,0,0,0,0,0,0,0,0,0,0,
1530844586,0,0,0,0,0,0,0,0,0,0,0,0,0,0,0,0,0,0,0,0,0,0,0,0,0,0,0,0,0,0,
1530844592,0,0,0,0,0,0,0,0,0,0,0,0,0,0,0,0,0,0,0,0,0,0,0,0,0,0,0,0,0,0,
1530844597,17,0,2434,2434,1,17,0,2629,2629,1,18,0,616,616,1,18,0,1195,1195,1,19,0,2048,2048,1,18,0,2470,2470,1,
1530844597,17,0,2434,2434,1,17,0,2629,2629,1,18,0,616,616,1,18,0,1195,1195,1,19,0,2048,2048,1,18,0,2470,2470,1,
1530844603,17,0,2434,2434,1,17,0,2629,2629,1,18,0,616,616,1,18,0,1195,1195,1,19,0,2048,2048,1,18,0,2470,2470,1,
1530844603,18,0,2434,2434,1,17,0,2629,2629,1,18,0,616,616,1,19,0,1195,1195,1,19,0,2048,2048,1,18,0,2470,2470,1,
1530844603,18,0,2434,2434,1,17,0,2629,2629,1,18,0,616,616,1,19,0,1195,1195,1,19,0,2048,2048,1,18,0,2470,2470,1,
1530844608,18,0,2434,2434,1,17,0,2629,2629,1,18,0,616,616,1,19,0,1195,1195,1,19,0,2048,2048,1,19,0,2470,2470,1,
1530844608,18,0,2434,2434,1,18,0,2629,2629,1,18,0,616,616,1,19,0,1195,1195,1,19,0,2048,2048,1,19,0,2470,2470,1,
1530844614,18,0,2434,2434,1,18,0,2629,2629,1,18,0,616,616,1,19,0,1195,1195,1,19,0,2048,2048,1,19,0,2470,2470,1,
1530844614,18,0,2434,2434,1,18,0,2629,2629,1,18,0,616,616,1,19,0,1195,1195,1,19,0,2048,2048,1,19,0,2470,2470,1,
1530844619,18,0,2434,2434,1,18,0,2629,2629,1,18,0,616,616,1,19,0,1195,1195,1,19,0,2048,2048,1,19,0,2470,2470,1,
1530844625,18,0,2434,2434,1,18,0,2629,2629,1,18,0,616,616,1,19,0,1195,1195,1,19,0,2048,2048,1,19,0,2470,2470,1,
1530844625,18,0,2434,2434,1,18,0,2629,2629,1,18,0,616,616,1,19,0,1195,1195,1,19,0,2048,2048,1,19,0,2470,2470,1,
1530844630,18,0,2434,2434,1,18,0,2629,2629,1,18,0,616,616,1,19,0,1195,1195,1,19,0,2048,2048,1,19,0,2470,2470,1,
1530844630,18,0,2434,2434,1,18,0,2629,2629,1,18,0,616,616,1,19,0,1195,1195,1,19,0,2048,2048,1,19,0,2470,2470,1,
1530844636,18,0,2434,2434,1,18,0,2629,2629,1,18,0,616,616,1,19,0,1195,1195,1,19,0,2048,2048,1,19,0,2470,2470,1,
1530844641,18,0,2434,2434,1,18,0,2629,2629,1,19,0,616,616,1,19,0,1195,1195,1,19,0,2048,2048,1,19,0,2470,2470,1,
1530844641,18,0,2434,2434,1,18,0,2629,2629,1,19,0,616,616,1,19,0,1195,1195,1,19,0,2048,2048,1,19,0,2470,2470,1,
1530844647,18,0,2434,2434,1,18,0,2629,2629,1,19,0,616,616,1,19,0,1195,1195,1,19,0,2048,2048,1,19,0,2470,2470,1,
1530844647,18,0,2434,2434,1,18,0,2629,2629,1,19,0,616,616,1,19,0,1195,1195,1,20,0,2048,2048,1,19,0,2470,2470,1,
1530844647,18,0,2434,2434,1,18,0,2629,2629,1,19,0,616,616,1,19,0,1195,1195,1,20,0,2048,2048,1,19,0,2470,2470,1,
1530844657,19,0,2434,2434,1,18,0,2629,2629,1,19,0,616,616,1,19,0,1195,1195,1,20,0,2048,2048,1,19,0,2470,2470,1,
1530844657,19,0,2434,2434,1,18,0,2629,2629,1,19,0,616,616,1,19,0,1195,1195,1,20,0,2048,2048,1,19,0,2470,2470,1,
1530844663,19,0,2434,2434,1,18,0,2629,2629,1,19,0,616,616,1,19,0,1195,1195,1,20,0,2048,2048,1,19,0,2470,2470,1,
1530844663,19,0,2434,2434,1,18,0,2629,2629,1,19,0,616,616,1,19,0,1195,1195,1,20,0,2048,2048,1,19,0,2470,2470,1,
1530844663,19,0,2434,2434,1,18,0,2629,2629,1,19,0,616,616,1,19,0,1195,1195,1,20,0,2048,2048,1,19,0,2470,2470,1,
1536066407,19,0,2434,2434,1,19,0,2629,2629,1,19,0,616,616,1,19,0,1195,1195,1,20,0,2048,2048,1,19,0,2470,2470,1,
1536066407,19,0,2434,2435,1,19,0,2629,2629,1,19,0,616,616,1,19,0,1195,1195,1,20,0,2048,2048,1,20,0,2470,2470,1,
1536066413,19,0,2434,2435,1,19,0,2629,2629,1,19,0,616,616,1,19,0,1195,1195,1,20,0,2048,2048,1,20,0,2470,2470,1,
1536066413,19,0,2434,2434,1,19,0,2629,2629,1,19,0,616,616,1,19,0,1195,1195,1,20,0,2048,2048,1,20,0,2470,2471,1,
1536066418,19,0,2434,2434,1,19,0,2629,2629,1,19,0,616,616,1,19,0,1195,1195,1,20,0,2048,2048,1,20,0,2470,2471,1,
1536066424,19,0,2434,2434,1,19,0,2629,2629,1,19,0,616,616,1,20,0,1195,1195,1,20,0,2048,2048,1,20,0,2470,2470,1,
1536066424,19,0,2434,2434,1,19,0,2629,2629,1,19,0,616,616,1,20,0,1195,1195,1,20,0,2048,2048,1,20,0,2470,2470,1,
1536066429,19,0,2434,2434,1,19,0,2629,2629,1,19,0,616,616,1,20,0,1195,1195,1,20,0,2048,2048,1,20,0,2470,2470,1,
1536066429,19,0,2434,2434,1,19,0,2629,2629,1,19,0,616,616,1,20,0,1195,1195,1,20,0,2048,2048,1,20,0,2470,2470,1,
1536066435,19,0,2434,2434,1,19,0,2629,2629,1,19,0,616,616,1,20,0,1195,1195,1,20,0,2048,2048,1,20,0,2470,2470,1,
1536066440,19,0,2434,2434,1,19,0,2629,2629,1,19,0,616,616,1,20,0,1195,1194,1,21,0,2048,2048,1,20,0,2470,2470,1,
1536066440,19,0,2434,2434,1,19,0,2629,2629,1,19,0,616,616,1,20,0,1195,1195,1,21,0,2048,2048,1,20,0,2470,2470,1,
1536066446,19,0,2434,2434,1,19,0,2629,2629,1,19,0,616,616,1,20,0,1195,1195,1,21,0,2048,2048,1,20,0,2470,2470,1,
1536066446,19,0,2434,2434,1,19,0,2629,2629,1,19,0,616,616,1,20,0,1195,1195,1,21,0,2048,2048,1,20,0,2470,2470,1,
1536066323,19,0,2434,2434,1,19,0,2629,2629,1,19,0,616,616,1,20,0,1195,1195,1,21,0,2048,2048,1,20,0,2470,2470,1,
1536066323,19,0,2434,2434,1,19,0,2629,2629,1,19,0,616,616,1,20,0,1195,1195,1,21,0,2048,2048,1,20,0,2470,2470,1,
1536066323,19,0,2434,2434,1,19,0,2629,2629,1,20,0,616,616,1,20,0,1195,1195,1,21,0,2048,2048,1,20,0,2470,2470,1,
1536066462,19,0,2434,2434,1,19,0,2629,2629,1,20,0,616,616,1,20,0,1195,1195,1,21,0,2048,2048,1,20,0,2470,2470,1,
1536066462,19,0,2434,2434,1,19,0,2629,2629,1,20,0,616,616,1,20,0,1195,1195,1,21,0,2048,2048,1,20,0,2470,2470,1,
1536066462,19,0,2434,2434,1,19,0,2629,2629,1,20,0,616,616,1,20,0,1195,1195,1,21,0,2048,2048,1,20,0,2470,2470,1,
1536066468,19,0,2434,2434,1,19,0,2629,2629,1,20,0,616,616,1,20,0,1195,1195,1,21,0,2048,2048,1,20,0,2470,2470,1,
1536066468,19,0,2434,2434,1,19,0,2629,2629,1,20,0,616,616,1,20,0,1195,1195,1,21,0,2048,2048,1,20,0,2470,2470,1,
1536066473,19,0,2434,2434,1,19,0,2629,2629,1,20,0,616,616,1,20,0,1195,1195,1,21,0,2048,2048,1,20,0,2470,2470,1,
1536066473,19,0,2434,2434,1,19,0,2629,2629,1,20,0,616,616,1,20,0,1195,1195,1,21,0,2048,2048,1,20,0,2470,2470,1,
1536066478,19,0,2434,2434,1,19,0,2629,2629,1,20,0,616,616,1,20,0,1195,1195,1,21,0,2048,2048,1,20,0,2470,2470,1,
1527645108,19,0,2434,2434,1,19,0,2629,2629,1,20,0,616,616,1,21,0,1195,1195,1,21,0,2048,2048,1,20,0,2470,2470,1,
1527645108,19,0,2434,2434,1,19,0,2629,2629,1,20,0,616,616,1,21,0,1195,1195,1,21,0,2048,2048,1,21,0,2470,2470,1,
1536066489,19,0,2434,2434,1,19,0,2629,2629,1,20,0,616,616,1,21,0,1195,1195,1,21,0,2048,2048,1,21,0,2470,2470,1,
1536066489,19,0,2434,2434,1,19,0,2629,2629,1,20,0,616,616,1,21,0,1195,1195,1,21,0,2048,2048,1,21,0,2470,2470,1,
1536066495,19,0,2434,2434,1,19,0,2629,2629,1,20,0,616,616,1,21,0,1195,1195,1,21,0,2048,2048,1,21,0,2470,2470,1,
1536066500,19,0,2434,2434,1,19,0,2629,2629,1,20,0,616,616,1,21,0,1195,1194,1,21,0,2048,2048,1,21,0,2470,2470,1,
1536066500,19,0,2434,2434,1,19,0,2629,2629,1,20,0,616,616,1,21,0,1195,1195,1,21,0,2048,2048,1,21,0,2470,2470,1,
1536066506,19,0,2434,2434,1,19,0,2629,2629,1,20,0,616,616,1,21,0,1195,1195,1,21,0,2048,2048,1,21,0,2470,2470,1,
1536066506,20,0,2434,2434,1,19,0,2629,2629,1,20,0,616,616,1,21,0,1195,1195,1,21,0,2048,2048,1,21,0,2470,2470,1,
1536066511,20,0,2434,2434,1,19,0,2629,2629,1,20,0,616,616,1,21,0,1195,1195,1,21,0,2048,2048,1,21,0,2470,2470,1,
1536066517,20,0,2434,2434,1,19,0,2629,2629,1,20,0,616,616,1,21,0,1195,1195,1,21,0,2048,2048,1,21,0,2470,2470,1,
1536066517,20,0,2434,2434,1,20,0,2629,2629,1,20,0,616,616,1,21,0,1195,1195,1,21,0,2048,2048,1,21,0,2470,2470,1,
1536066522,20,0,2434,2434,1,20,0,2629,2629,1,20,0,616,616,1,21,0,1195,1195,1,21,0,2048,2048,1,21,0,2470,2470,1,
1536066522,20,0,2434,2434,1,20,0,2629,2628,1,20,0,616,616,1,21,0,1195,1195,1,21,0,2048,2048,1,21,0,2470,2470,1,
1536066522,20,0,2434,2434,1,20,0,2629,2628,1,20,0,616,616,1,21,0,1195,1195,1,21,0,2048,2048,1,21,0,2470,2470,1,
1536066528,20,0,2434,2434,1,20,0,2629,2629,1,20,0,616,616,1,21,0,1195,1195,1,22,0,2048,2048,1,21,0,2470,2470,1,
1536066528,20,0,2434,2434,1,20,0,2629,2628,1,20,0,616,616,1,21,0,1195,1195,1,22,0,2048,2048,1,21,0,2470,2470,1,
1536066533,20,0,2434,2434,1,20,0,2629,2628,1,20,0,616,616,1,21,0,1195,1195,1,22,0,2048,2048,1,21,0,2470,2470,1,
1536066533,20,0,2434,2434,1,20,0,2629,2629,1,20,0,616,616,1,21,0,1195,1195,1,22,0,2048,2048,1,21,0,2470,2470,1,
1536066539,20,0,2434,2434,1,20,0,2629,2629,1,20,0,616,616,1,21,0,1195,1195,1,22,0,2048,2048,1,21,0,2470,2470,1,
1536066544,20,0,2434,2434,1,20,0,2629,2629,1,20,0,616,616,1,21,0,1195,1195,1,22,0,2048,2048,1,21,0,2470,2470,1,
1536066544,20,0,2434,2434,1,20,0,2629,2629,1,20,0,616,616,1,21,0,1195,1195,1,22,0,2048,2048,1,21,0,2470,2470,1,
1536066550,20,0,2434,2434,1,20,0,2629,2629,1,20,0,616,616,1,21,0,1195,1195,1,22,0,2048,2048,1,21,0,2470,2470,1,
1536066550,20,0,2434,2434,1,20,0,2629,2629,1,20,0,616,616,1,21,0,1195,1195,1,22,0,2048,2048,1,21,0,2470,2470,1,
1536066555,20,0,2434,2434,1,20,0,2629,2629,1,20,0,616,616,1,21,0,1195,1195,1,22,0,2048,2048,1,21,0,2470,2470,1,
1536066560,20,0,2434,2434,1,20,0,2629,2629,1,20,0,616,616,1,21,0,1195,1195,1,22,0,2048,2048,1,21,0,2470,2470,1,
1536066560,20,0,2434,2434,1,20,0,2629,2629,1,20,0,616,616,1,21,0,1195,1195,1,22,0,2048,2048,1,21,0,2470,2470,1,
1536066560,20,0,2434,2434,1,20,0,2629,2629,1,20,0,616,616,1,21,0,1195,1195,1,22,0,2048,2048,1,21,0,2470,2470,1,
1536066560,20,0,2434,2434,1,20,0,2629,2629,1,20,0,616,616,1,21,0,1195,1195,1,22,0,2048,2048,1,21,0,2470,2470,1,
1536066571,20,0,2434,2434,1,20,0,2629,2629,1,20,0,616,616,1,21,0,1195,1195,1,22,0,2048,2048,1,21,0,2470,2470,1,
1536066577,20,0,2434,2434,1,20,0,2629,2629,1,21,0,616,616,1,21,0,1195,1195,1,22,0,2048,2048,1,21,0,2470,2470,1,
1536066577,20,0,2434,2434,1,20,0,2629,2629,1,21,0,616,616,1,21,0,1195,1195,1,22,0,2048,2048,1,21,0,2470,2470,1,
1536066577,20,0,2434,2434,1,20,0,2629,2629,1,21,0,616,616,1,21,0,1195,1195,1,22,0,2048,2048,1,21,0,2470,2470,1,
1536066577,20,0,2434,2434,1,20,0,2629,2629,1,21,0,616,616,1,21,0,1195,1195,1,22,0,2048,2048,1,21,0,2470,2470,1,
1536066582,20,0,2434,2434,1,20,0,2629,2629,1,21,0,616,616,1,21,0,1195,1195,1,22,0,2048,2048,1,21,0,2470,2470,1,
1536066588,20,0,2434,2434,1,20,0,2629,2629,1,21,0,616,616,1,21,0,1195,1195,1,22,0,2048,2048,1,21,0,2470,2470,1,
1536066588,20,0,2434,2434,1,20,0,2629,2629,1,21,0,616,616,1,21,0,1195,1195,1,22,0,2048,2048,1,21,0,2470,2470,1,
1536066593,20,0,2434,2434,1,20,0,2629,2629,1,21,0,616,616,1,21,0,1195,1195,1,22,0,2048,2048,1,21,0,2470,2470,1,
1536066593,20,0,2434,2434,1,20,0,2629,2629,1,21,0,616,616,1,22,0,1195,1195,1,22,0,2048,2048,1,21,0,2470,2470,1,
1536066599,20,0,2434,2434,1,20,0,2629,2629,1,21,0,616,616,1,22,0,1195,1195,1,22,0,2048,2048,1,21,0,2470,2470,1,
1536066604,20,0,2434,2434,1,20,0,2629,2629,1,21,0,616,616,1,22,0,1195,1195,1,22,0,2048,2048,1,21,0,2470,2470,1,
1536066604,20,0,2434,2434,1,20,0,2629,2629,1,21,0,616,616,1,22,0,1195,1195,1,22,0,2048,2048,1,21,0,2470,2470,1,
1536066610,20,0,2434,2434,1,20,0,2629,2629,1,21,0,616,616,1,22,0,1195,1195,1,22,0,2048,2048,1,21,0,2470,2470,1,
1536066610,20,0,2434,2434,1,20,0,2629,2630,1,21,0,616,616,1,22,0,1195,1195,1,22,0,2048,2048,1,21,0,2470,2470,1,
1536066615,20,0,2434,2434,1,20,0,2629,2630,1,21,0,616,616,1,22,0,1195,1195,1,22,0,2048,2048,1,21,0,2470,2470,1,
1536066621,20,0,2434,2434,1,20,0,2629,2629,1,21,0,616,616,1,22,0,1195,1195,1,22,0,2048,2048,1,21,0,2470,2470,1,
1536066621,20,0,2434,2434,1,21,0,2629,2629,1,21,0,616,616,1,21,0,1195,1195,1,22,0,2048,2048,1,21,0,2470,2470,1,
1536066626,20,0,2434,2434,1,21,0,2629,2629,1,21,0,616,616,1,21,0,1195,1195,1,22,0,2048,2048,1,21,0,2470,2470,1,
1536066626,20,0,2434,2434,1,21,0,2629,2629,1,21,0,616,616,1,22,0,1195,1195,1,22,0,2048,2048,1,21,0,2470,2470,1,
1536066632,20,0,2434,2434,1,21,0,2629,2629,1,21,0,616,616,1,22,0,1195,1195,1,22,0,2048,2048,1,21,0,2470,2470,1,
1536066637,20,0,2434,2434,1,21,0,2629,2629,1,21,0,616,616,1,22,0,1195,1195,1,22,0,2048,2048,1,21,0,2470,2470,1,
1536066637,20,0,2434,2434,1,21,0,2629,2629,1,21,0,616,616,1,21,0,1195,1195,1,22,0,2048,2048,1,21,0,2470,2470,1,
1536066637,20,0,2434,2434,1,21,0,2629,2629,1,21,0,616,616,1,21,0,1195,1195,1,22,0,2048,2048,1,21,0,2470,2470,1,
1536066637,20,0,2434,2434,1,21,0,2629,2629,1,21,0,616,616,1,22,0,1195,1195,1,22,0,2048,2048,1,21,0,2470,2470,1,
1536066642,20,0,2434,2434,1,21,0,2629,2629,1,21,0,616,616,1,22,0,1195,1195,1,22,0,2048,2048,1,21,0,2470,2470,1,
1536066648,20,0,2434,2434,1,21,0,2629,2629,1,21,0,616,616,1,22,0,1195,1195,1,22,0,2048,2048,1,21,0,2470,2470,1,
1536066648,20,0,2434,2434,1,21,0,2629,2629,1,21,0,616,616,1,22,0,1195,1195,1,22,0,2048,2048,1,21,0,2470,2470,1,
1536066653,20,0,2434,2434,1,21,0,2629,2629,1,21,0,616,616,1,22,0,1195,1195,1,22,0,2048,2048,1,21,0,2470,2470,1,
1536066653,20,0,2434,2434,1,21,0,2629,2629,1,21,0,616,616,1,22,0,1195,1195,1,22,0,2048,2048,1,22,0,2470,2470,1,
1536066659,20,0,2434,2434,1,21,0,2629,2629,1,21,0,616,616,1,22,0,1195,1195,1,22,0,2048,2048,1,22,0,2470,2470,1,
1536066664,20,0,2434,2434,1,21,0,2629,2629,1,21,0,616,616,1,22,0,1195,1195,1,22,0,2048,2048,1,22,0,2470,2470,1,
1536066664,20,0,2434,2434,1,21,0,2629,2629,1,21,0,616,616,1,22,0,1195,1195,1,23,0,2048,2048,1,22,0,2470,2470,1,
1536066670,20,0,2434,2434,1,21,0,2629,2629,1,21,0,616,616,1,22,0,1195,1195,1,23,0,2048,2048,1,22,0,2470,2470,1,
1536066670,20,0,2434,2434,1,21,0,2629,2628,1,21,0,616,616,1,22,0,1195,1195,1,23,0,2048,2048,1,22,0,2470,2470,1,
1536066675,20,0,2434,2434,1,21,0,2629,2628,1,21,0,616,616,1,22,0,1195,1195,1,23,0,2048,2048,1,22,0,2470,2470,1,
1536066681,20,0,2434,2434,1,21,0,2629,2629,1,21,0,616,616,1,22,0,1195,1195,1,23,0,2048,2048,1,22,0,2470,2470,1,
1536066681,20,0,2434,2434,1,21,0,2629,2629,1,21,0,616,616,1,22,0,1195,1195,1,23,0,2048,2048,1,22,0,2470,2470,1,
1536066686,20,0,2434,2434,1,21,0,2629,2629,1,21,0,616,616,1,22,0,1195,1195,1,23,0,2048,2048,1,22,0,2470,2470,1,
1536066686,20,0,2434,2434,1,21,0,2629,2629,1,21,0,616,616,1,22,0,1195,1195,1,23,0,2048,2048,1,22,0,2470,2470,1,
1536066686,20,0,2434,2434,1,21,0,2629,2629,1,21,0,616,616,1,22,0,1195,1195,1,23,0,2048,2048,1,22,0,2470,2470,1,
1536066697,20,0,2434,2434,1,21,0,2629,2629,1,21,0,616,616,1,22,0,1195,1195,1,23,0,2048,2048,1,22,0,2470,2470,1,
1536066697,20,0,2434,2434,1,21,0,2629,2629,1,21,0,616,616,1,22,0,1195,1195,1,23,0,2048,2048,1,22,0,2470,2470,1,
1536066697,20,0,2434,2434,1,21,0,2629,2629,1,21,0,616,616,1,22,0,1195,1195,1,23,0,2048,2048,1,22,0,2470,2470,1,
1536066697,20,0,2434,2434,1,21,0,2629,2629,1,21,0,616,616,1,22,0,1195,1195,1,23,0,2048,2048,1,22,0,2470,2470,1,
1536066703,20,0,2434,2434,1,21,0,2629,2629,1,21,0,616,616,1,22,0,1195,1195,1,23,0,2048,2048,1,22,0,2470,2470,1,
1536066708,20,0,2434,2434,1,21,0,2629,2629,1,21,0,616,616,1,22,0,1195,1195,1,23,0,2048,2048,1,22,0,2470,2470,1,
1536066708,20,0,2434,2434,1,21,0,2629,2629,1,21,0,616,616,1,22,0,1195,1195,1,23,0,2048,2048,1,22,0,2470,2470,1,
1536066713,20,0,2434,2434,1,21,0,2629,2629,1,21,0,616,616,1,22,0,1195,1195,1,23,0,2048,2048,1,22,0,2470,2470,1,
1536066713,20,0,2434,2434,1,21,0,2629,2629,1,21,0,616,616,1,22,0,1195,1195,1,23,0,2048,2048,1,22,0,2470,2470,1,
1536066719,20,0,2434,2434,1,21,0,2629,2629,1,21,0,616,616,1,22,0,1195,1195,1,23,0,2048,2048,1,22,0,2470,2470,1,
1536066724,20,0,2434,2434,1,21,0,2629,2629,1,21,0,616,616,1,22,0,1195,1195,1,23,0,2048,2048,1,22,0,2470,2470,1,
1536066724,20,0,2434,2434,1,21,0,2629,2629,1,21,0,616,616,1,22,0,1195,1195,1,23,0,2048,2048,1,22,0,2470,2470,1,
1536066730,20,0,2434,2434,1,21,0,2629,2629,1,21,0,616,616,1,22,0,1195,1195,1,23,0,2048,2048,1,22,0,2470,2470,1,
1536066730,20,0,2434,2434,1,21,0,2629,2629,1,21,0,616,616,1,22,0,1195,1195,1,23,0,2048,2048,1,22,0,2470,2470,1,
1536066735,20,0,2434,2434,1,21,0,2629,2629,1,21,0,616,616,1,22,0,1195,1195,1,23,0,2048,2048,1,22,0,2470,2470,1,
1536066741,20,0,2434,2434,1,21,0,2629,2629,1,21,0,616,616,1,23,0,1195,1195,1,23,0,2048,2048,1,22,0,2470,2470,1,
1536066741,20,0,2434,2434,1,21,0,2629,2629,1,21,0,616,616,1,23,0,1195,1195,1,23,0,2048,2048,1,22,0,2470,2470,1,
1536066746,20,0,2434,2434,1,21,0,2629,2629,1,21,0,616,616,1,23,0,1195,1195,1,23,0,2048,2048,1,22,0,2470,2470,1,
1536066746,20,0,2434,2434,1,21,0,2629,2629,1,21,0,616,616,1,23,0,1195,1195,1,23,0,2048,2048,1,22,0,2470,2470,1,
1536066752,20,0,2434,2434,1,21,0,2629,2629,1,21,0,616,616,1,23,0,1195,1195,1,23,0,2048,2048,1,22,0,2470,2470,1,
1536066757,20,0,2434,2434,1,21,0,2629,2629,1,21,0,616,616,1,23,0,1195,1195,1,23,0,2048,2048,1,22,0,2470,2470,1,
1536066757,20,0,2434,2434,1,21,0,2629,2629,1,21,0,616,616,1,23,0,1195,1195,1,23,0,2048,2048,1,22,0,2470,2470,1,
1536066757,20,0,2434,2434,1,21,0,2629,2629,1,21,0,616,616,1,23,0,1195,1195,1,23,0,2048,2048,1,22,0,2470,2470,1,
1536066757,20,0,2434,2434,1,21,0,2629,2629,1,21,0,616,616,1,23,0,1195,1195,1,23,0,2048,2048,1,22,0,2470,2470,1,
1536066763,20,0,2434,2434,1,21,0,2629,2629,1,21,0,616,616,1,23,0,1195,1195,1,23,0,2048,2048,1,22,0,2470,2470,1,
1536066768,20,0,2434,2434,1,21,0,2629,2629,1,21,0,616,616,1,23,0,1195,1195,1,23,0,2048,2048,1,22,0,2470,2470,1,
1536066768,20,0,2434,2434,1,21,0,2629,2629,1,21,0,616,616,1,23,0,1195,1195,1,23,0,2048,2048,1,22,0,2470,2470,1,
1536066774,20,0,2434,2434,1,21,0,2629,2629,1,21,0,616,616,1,23,0,1195,1195,1,23,0,2048,2048,1,22,0,2470,2470,1,
1536066774,20,0,2434,2434,1,21,0,2629,2629,1,21,0,616,616,1,23,0,1195,1195,1,23,0,2048,2048,1,22,0,2470,2470,1,
1536066779,20,0,2434,2434,1,21,0,2629,2629,1,21,0,616,616,1,23,0,1195,1195,1,23,0,2048,2048,1,22,0,2470,2470,1,
1536066785,21,0,2434,2434,1,21,0,2629,2629,1,21,0,616,616,1,23,0,1195,1195,1,23,0,2048,2048,1,22,0,2470,2470,1,
1536066785,21,0,2434,2434,1,21,0,2629,2629,1,21,0,616,616,1,23,0,1195,1195,1,23,0,2048,2048,1,22,0,2470,2470,1,
1536066790,21,0,2434,2434,1,21,0,2629,2629,1,21,0,616,616,1,23,0,1195,1195,1,23,0,2048,2048,1,22,0,2470,2470,1,
1536066790,21,0,2434,2434,1,21,0,2629,2629,1,21,0,616,616,1,23,0,1195,1195,1,23,0,2048,2048,1,22,0,2470,2470,1,
1536066795,21,0,2434,2434,1,21,0,2629,2629,1,21,0,616,616,1,23,0,1195,1195,1,23,0,2048,2048,1,22,0,2470,2470,1,
1536066801,21,0,2434,2434,1,21,0,2629,2629,1,21,0,616,616,1,23,0,1195,1195,1,23,0,2048,2048,1,22,0,2470,2470,1,
1536066801,21,0,2434,2434,1,21,0,2629,2629,1,21,0,616,616,1,23,0,1195,1195,1,23,0,2048,2048,1,22,0,2470,2470,1,
1536066806,21,0,2434,2434,1,21,0,2629,2629,1,21,0,616,616,1,23,0,1195,1195,1,23,0,2048,2048,1,22,0,2470,2470,1,
1536066806,21,0,2434,2434,1,21,0,2629,2629,1,22,0,616,616,1,23,0,1195,1195,1,23,0,2048,2048,1,22,0,2470,2470,1,
1536066812,21,0,2434,2434,1,21,0,2629,2629,1,22,0,616,616,1,23,0,1195,1195,1,23,0,2048,2048,1,22,0,2470,2470,1,
1536066812,21,0,2434,2434,1,21,0,2629,2629,1,22,0,616,616,1,23,0,1195,1195,1,23,0,2048,2048,1,22,0,2470,2470,1,
1536066812,21,0,2434,2434,1,21,0,2629,2629,1,22,0,616,616,1,23,0,1195,1195,1,23,0,2048,2048,1,22,0,2470,2470,1,
1536066817,21,0,2434,2434,1,21,0,2629,2629,1,22,0,616,616,1,23,0,1195,1195,1,23,0,2048,2048,1,22,0,2470,2470,1,
1536066817,21,0,2434,2434,1,21,0,2629,2629,1,22,0,616,616,1,23,0,1195,1195,1,23,0,2048,2048,1,22,0,2470,2470,1,
1536066823,21,0,2434,2434,1,21,0,2629,2629,1,22,0,616,616,1,23,0,1195,1195,1,23,0,2048,2048,1,22,0,2470,2470,1,
1536066828,21,0,2434,2434,1,21,0,2629,2629,1,22,0,616,616,1,23,0,1195,1195,1,23,0,2048,2048,1,22,0,2470,2470,1,
1536066828,21,0,2434,2434,1,21,0,2629,2629,1,22,0,616,616,1,23,0,1195,1195,1,23,0,2048,2048,1,22,0,2470,2470,1,
1536066834,21,0,2434,2434,1,21,0,2629,2629,1,22,0,616,616,1,23,0,1195,1195,1,23,0,2048,2048,1,22,0,2470,2470,1,
1536066834,21,0,2434,2434,1,21,0,2629,2629,1,22,0,616,616,1,23,0,1195,1195,1,23,0,2048,2048,1,23,0,2470,2470,1,
1536066839,21,0,2434,2434,1,21,0,2629,2629,1,22,0,616,616,1,23,0,1195,1195,1,23,0,2048,2048,1,23,0,2470,2470,1,
1536066845,21,0,2434,2434,1,21,0,2629,2629,1,22,0,616,616,1,23,0,1195,1195,1,24,0,2048,2048,1,23,0,2470,2470,1,
1536066845,21,0,2434,2434,1,21,0,2629,2629,1,22,0,616,616,1,23,0,1195,1195,1,24,0,2048,2048,1,23,0,2470,2470,1,
1536066850,21,0,2434,2434,1,21,0,2629,2629,1,22,0,616,616,1,23,0,1195,1195,1,24,0,2048,2048,1,23,0,2470,2470,1,
1536066850,21,0,2434,2434,1,21,0,2629,2629,1,22,0,616,616,1,23,0,1195,1195,1,24,0,2048,2048,1,23,0,2470,2470,1,
1536066856,21,0,2434,2434,1,21,0,2629,2629,1,22,0,616,616,1,23,0,1195,1195,1,24,0,2048,2048,1,23,0,2470,2470,1,
1536066861,21,0,2434,2434,1,21,0,2629,2629,1,22,0,616,616,1,23,0,1195,1195,1,24,0,2048,2048,1,23,0,2470,2470,1,
1536066861,21,0,2434,2434,1,21,0,2629,2629,1,22,0,616,615,1,23,0,1195,1195,1,24,0,2048,2048,1,23,0,2470,2470,1,
1536066867,21,0,2434,2434,1,21,0,2629,2629,1,22,0,616,615,1,23,0,1195,1195,1,24,0,2048,2048,1,23,0,2470,2470,1,
1536066867,21,0,2434,2434,1,21,0,2629,2629,1,22,0,616,616,1,23,0,1195,1195,1,24,0,2048,2048,1,23,0,2470,2470,1,
1536066872,21,0,2434,2434,1,21,0,2629,2629,1,22,0,616,616,1,23,0,1195,1195,1,24,0,2048,2048,1,23,0,2470,2470,1,
1536066872,21,0,2434,2434,1,21,0,2629,2629,1,22,0,616,616,1,23,0,1195,1195,1,24,0,2048,2048,1,23,0,2470,2470,1,
1536066872,21,0,2434,2434,1,21,0,2629,2629,1,22,0,616,616,1,23,0,1195,1195,1,24,0,2048,2048,1,23,0,2470,2470,1,
1536066877,21,0,2434,2434,1,21,0,2629,2629,1,22,0,616,616,1,23,0,1195,1195,1,24,0,2048,2048,1,23,0,2470,2470,1,
1536066877,21,0,2434,2434,1,21,0,2629,2629,1,22,0,616,616,1,23,0,1195,1195,1,24,0,2048,2048,1,23,0,2470,2470,1,
1536066883,21,0,2434,2434,1,21,0,2629,2629,1,22,0,616,616,1,23,0,1195,1195,1,24,0,2048,2048,1,23,0,2470,2470,1,
1536066888,21,0,2434,2434,1,21,0,2629,2629,1,22,0,616,616,1,23,0,1195,1195,1,24,0,2048,2048,1,23,0,2470,2470,1,
1536066888,21,0,2434,2434,1,21,0,2629,2629,1,22,0,616,616,1,23,0,1195,1195,1,24,0,2048,2048,1,23,0,2470,2470,1,
1536066894,21,0,2434,2434,1,21,0,2629,2629,1,22,0,616,616,1,23,0,1195,1195,1,24,0,2048,2048,1,23,0,2470,2470,1,
1536066894,21,0,2434,2434,1,21,0,2629,2629,1,22,0,616,616,1,23,0,1195,1195,1,24,0,2048,2048,1,23,0,2470,2470,1,
1536066899,21,0,2434,2434,1,21,0,2629,2629,1,22,0,616,616,1,23,0,1195,1195,1,24,0,2048,2048,1,23,0,2470,2470,1,
1536066905,21,0,2434,2434,1,22,0,2629,2629,1,22,0,616,616,1,23,0,1195,1195,1,24,0,2048,2048,1,23,0,2470,2470,1,
1536066905,21,0,2434,2434,1,22,0,2629,2629,1,22,0,616,616,1,23,0,1195,1195,1,24,0,2048,2048,1,23,0,2470,2470,1,
1536066910,21,0,2434,2434,1,22,0,2629,2629,1,22,0,616,616,1,23,0,1195,1195,1,24,0,2048,2048,1,23,0,2470,2470,1,
1536066910,21,0,2434,2434,1,22,0,2629,2629,1,22,0,616,616,1,23,0,1195,1195,1,24,0,2048,2048,1,23,0,2470,2470,1,
1536066916,21,0,2434,2434,1,22,0,2629,2629,1,22,0,616,616,1,23,0,1195,1195,1,24,0,2048,2048,1,23,0,2470,2470,1,
1536066921,21,0,2434,2434,1,22,0,2629,2629,1,22,0,616,616,1,23,0,1195,1195,1,24,0,2048,2048,1,23,0,2470,2470,1,
1536066921,21,0,2434,2434,1,22,0,2629,2629,1,22,0,616,616,1,23,0,1195,1195,1,24,0,2048,2048,1,23,0,2470,2470,1,
1536066927,21,0,2434,2434,1,22,0,2629,2629,1,22,0,616,616,1,23,0,1195,1195,1,24,0,2048,2048,1,23,0,2470,2470,1,
1536066927,21,0,2434,2434,1,22,0,2629,2629,1,22,0,616,616,1,23,0,1195,1195,1,24,0,2048,2048,1,23,0,2470,2470,1,
1536066932,21,0,2434,2434,1,22,0,2629,2629,1,22,0,616,616,1,23,0,1195,1195,1,24,0,2048,2048,1,23,0,2470,2470,1,
1536066932,21,0,2434,2434,1,22,0,2629,2629,1,22,0,616,616,1,23,0,1195,1195,1,24,0,2048,2048,1,23,0,2470,2470,1,
1536066932,21,0,2434,2434,1,22,0,2629,2629,1,22,0,616,616,1,23,0,1195,1195,1,24,0,2048,2048,1,23,0,2470,2470,1,
1536066938,21,0,2434,2434,1,22,0,2629,2629,1,22,0,616,616,1,23,0,1195,1195,1,24,0,2048,2048,1,23,0,2470,2470,1,
1536066938,21,0,2434,2434,1,22,0,2629,2629,1,22,0,616,616,1,23,0,1195,1195,1,24,0,2048,2048,1,23,0,2470,2470,1,
1536066943,21,0,2434,2434,1,22,0,2629,2629,1,22,0,616,616,1,23,0,1195,1195,1,24,0,2048,2048,1,23,0,2470,2470,1,
1536066949,21,0,2434,2434,1,22,0,2629,2629,1,22,0,616,616,1,23,0,1195,1195,1,24,0,2048,2048,1,23,0,2470,2470,1,
1536066949,21,0,2434,2434,1,22,0,2629,2629,1,22,0,616,616,1,23,0,1195,1195,1,24,0,2048,2048,1,23,0,2470,2470,1,
1536034186,21,0,2434,2434,1,22,0,2629,2629,1,22,0,616,616,1,23,0,1195,1195,1,24,0,2048,2048,1,23,0,2470,2470,1,
1536034186,21,0,2434,2434,1,22,0,2629,2629,1,22,0,616,616,1,23,0,1195,1195,1,24,0,2048,2048,1,23,0,2470,2470,1,
1536066959,21,0,2434,2434,1,22,0,2629,2629,1,22,0,616,616,1,23,0,1195,1195,1,24,0,2048,2048,1,23,0,2470,2470,1,
1536066965,21,0,2434,2434,1,22,0,2629,2629,1,22,0,616,616,1,23,0,1195,1195,1,24,0,2048,2048,1,23,0,2470,2470,1,
1536066965,21,0,2434,2434,1,22,0,2629,2629,1,22,0,616,616,1,23,0,1195,1195,1,24,0,2048,2048,1,23,0,2470,2470,1,
1536066970,21,0,2434,2434,1,22,0,2629,2629,1,22,0,616,616,1,23,0,1195,1195,1,24,0,2048,2048,1,23,0,2470,2470,1,
1536066970,21,0,2434,2434,1,22,0,2629,2629,1,22,0,616,616,1,23,0,1195,1195,1,24,0,2048,2048,1,23,0,2470,2470,1,
1536066976,21,0,2434,2434,1,22,0,2629,2629,1,22,0,616,616,1,23,0,1195,1195,1,24,0,2048,2048,1,23,0,2470,2470,1,
1536066981,21,0,2434,2434,1,22,0,2629,2629,1,22,0,616,616,1,23,0,1195,1195,1,24,0,2048,2048,1,23,0,2470,2470,1,
1536066981,21,0,2434,2434,1,22,0,2629,2629,1,22,0,616,616,1,24,0,1195,1195,1,24,0,2048,2048,1,23,0,2470,2470,1,
1536066987,21,0,2434,2434,1,22,0,2629,2629,1,22,0,616,616,1,24,0,1195,1195,1,24,0,2048,2048,1,23,0,2470,2470,1,
1536066987,21,0,2434,2434,1,22,0,2629,2629,1,23,0,616,616,1,24,0,1195,1195,1,24,0,2048,2048,1,23,0,2470,2470,1,
1536066992,21,0,2434,2434,1,22,0,2629,2629,1,23,0,616,616,1,24,0,1195,1195,1,24,0,2048,2048,1,23,0,2470,2470,1,
1536066992,21,0,2434,2434,1,22,0,2629,2629,1,23,0,616,616,1,24,0,1195,1195,1,24,0,2048,2048,1,23,0,2470,2470,1,
1536066992,21,0,2434,2434,1,22,0,2629,2629,1,23,0,616,616,1,24,0,1195,1195,1,24,0,2048,2048,1,24,0,2470,2470,1,
1536066998,21,0,2434,2434,1,22,0,2629,2629,1,23,0,616,616,1,24,0,1195,1195,1,24,0,2048,2048,1,24,0,2470,2470,1,
1536066998,21,0,2434,2434,1,22,0,2629,2629,1,23,0,616,616,1,24,0,1195,1195,1,24,0,2048,2048,1,24,0,2470,2470,1,
1536067003,21,0,2434,2434,1,22,0,2629,2629,1,23,0,616,616,1,24,0,1195,1195,1,24,0,2048,2048,1,24,0,2470,2470,1,
1536067009,21,0,2434,2434,1,22,0,2629,2629,1,23,0,616,616,1,24,0,1195,1195,1,24,0,2048,2048,1,24,0,2470,2470,1,
1536067009,21,0,2434,2434,1,22,0,2629,2629,1,23,0,616,616,1,24,0,1195,1195,1,24,0,2048,2048,1,24,0,2470,2470,1,
1536067014,21,0,2434,2434,1,22,0,2629,2629,1,23,0,616,616,1,24,0,1195,1195,1,24,0,2048,2048,1,24,0,2470,2470,1,
1536067014,21,0,2434,2434,1,22,0,2629,2629,1,23,0,616,616,1,24,0,1195,1195,1,24,0,2048,2048,1,24,0,2470,2470,1,
1536067020,21,0,2434,2434,1,22,0,2629,2629,1,23,0,616,616,1,24,0,1195,1195,1,24,0,2048,2048,1,24,0,2470,2470,1,
1536067025,21,0,2434,2434,1,22,0,2629,2629,1,23,0,616,616,1,24,0,1195,1195,1,24,0,2048,2048,1,24,0,2470,2470,1,
1536067025,21,0,2434,2434,1,22,0,2629,2629,1,23,0,616,616,1,24,0,1195,1195,1,24,0,2048,2048,1,24,0,2470,2470,1,
1536067031,21,0,2434,2434,1,22,0,2629,2629,1,23,0,616,616,1,24,0,1195,1195,1,24,0,2048,2048,1,24,0,2470,2470,1,
1536067031,21,0,2434,2434,1,22,0,2629,2629,1,23,0,616,616,1,24,0,1195,1195,1,24,0,2048,2048,1,24,0,2470,2470,1,
1536067036,21,0,2434,2434,1,22,0,2629,2629,1,23,0,616,616,1,24,0,1195,1195,1,24,0,2048,2048,1,24,0,2470,2470,1,
1536067041,21,0,2434,2434,1,22,0,2629,2629,1,23,0,616,616,1,24,0,1195,1195,1,24,0,2048,2048,1,24,0,2470,2470,1,
1536067041,21,0,2434,2434,1,22,0,2629,2629,1,23,0,616,616,1,24,0,1195,1195,1,24,0,2048,2048,1,23,0,2470,2470,1,
1536067047,21,0,2434,2434,1,22,0,2629,2629,1,23,0,616,616,1,24,0,1195,1195,1,24,0,2048,2048,1,23,0,2470,2470,1,
1536067047,21,0,2434,2434,1,22,0,2629,2629,1,23,0,616,616,1,24,0,1195,1195,1,25,0,2048,2048,1,24,0,2470,2470,1,
1536067047,21,0,2434,2434,1,22,0,2629,2629,1,23,0,616,616,1,24,0,1195,1195,1,25,0,2048,2048,1,24,0,2470,2470,1,
1536067052,21,0,2434,2435,1,22,0,2629,2629,1,23,0,616,616,1,24,0,1195,1195,1,25,0,2048,2048,1,24,0,2470,2470,1,
1536067052,21,0,2434,2434,1,22,0,2629,2629,1,23,0,616,616,1,24,0,1195,1195,1,25,0,2048,2048,1,24,0,2470,2470,1,
1536067058,21,0,2434,2434,1,22,0,2629,2629,1,23,0,616,616,1,24,0,1195,1195,1,25,0,2048,2048,1,24,0,2470,2470,1,
1536067058,21,0,2434,2434,1,22,0,2629,2629,1,23,0,616,616,1,24,0,1195,1195,1,25,0,2048,2048,1,24,0,2470,2470,1,
1536067063,21,0,2434,2434,1,22,0,2629,2629,1,23,0,616,616,1,24,0,1195,1195,1,25,0,2048,2048,1,24,0,2470,2470,1,
1536067069,21,0,2434,2434,1,22,0,2629,2629,1,23,0,616,616,1,24,0,1195,1195,1,25,0,2048,2048,1,24,0,2470,2470,1,
1536067069,21,0,2434,2434,1,22,0,2629,2629,1,23,0,616,616,1,24,0,1195,1195,1,25,0,2048,2048,1,24,0,2470,2470,1,
1536067074,21,0,2434,2434,1,22,0,2629,2629,1,23,0,616,616,1,24,0,1195,1195,1,25,0,2048,2048,1,24,0,2470,2470,1,
1536067074,21,0,2434,2434,1,22,0,2629,2629,1,23,0,616,616,1,24,0,1195,1195,1,25,0,2048,2048,1,24,0,2470,2470,1,
1536067080,21,0,2434,2434,1,22,0,2629,2629,1,23,0,616,616,1,24,0,1195,1195,1,25,0,2048,2048,1,24,0,2470,2470,1,
1536067085,21,0,2434,2434,1,22,0,2629,2629,1,23,0,616,616,1,24,0,1195,1195,1,25,0,2048,2048,1,24,0,2470,2470,1,
1536067085,21,0,2434,2434,1,22,0,2629,2629,1,23,0,616,616,1,24,0,1195,1195,1,25,0,2048,2048,1,24,0,2470,2470,1,
1536067091,21,0,2434,2434,1,22,0,2629,2629,1,23,0,616,616,1,24,0,1195,1195,1,25,0,2048,2048,1,24,0,2470,2470,1,
1536067091,21,0,2434,2434,1,22,0,2629,2629,1,23,0,616,616,1,24,0,1195,1195,1,25,0,2048,2048,1,24,0,2470,2470,1,
1536067096,21,0,2434,2434,1,22,0,2629,2629,1,23,0,616,616,1,24,0,1195,1195,1,25,0,2048,2048,1,24,0,2470,2470,1,
1536067102,21,0,2434,2434,1,22,0,2629,2629,1,23,0,616,616,1,24,0,1195,1195,1,25,0,2048,2048,1,24,0,2470,2470,1,
1536067102,21,0,2434,2434,1,22,0,2629,2629,1,23,0,616,616,1,24,0,1195,1195,1,25,0,2048,2048,1,24,0,2470,2470,1,
1536067107,21,0,2434,2434,1,22,0,2629,2629,1,23,0,616,616,1,24,0,1195,1195,1,25,0,2048,2048,1,24,0,2470,2470,1,
1536067107,21,0,2434,2434,1,22,0,2629,2629,1,23,0,616,616,1,24,0,1195,1195,1,25,0,2048,2048,1,24,0,2470,2470,1,
1536067107,21,0,2434,2434,1,22,0,2629,2629,1,23,0,616,616,1,24,0,1195,1195,1,25,0,2048,2048,1,24,0,2470,2470,1,
1536067113,21,0,2434,2434,1,22,0,2629,2629,1,23,0,616,616,1,24,0,1195,1195,1,25,0,2048,2048,1,24,0,2470,2470,1,
1536067113,21,0,2434,2434,1,22,0,2629,2629,1,23,0,616,616,1,24,0,1195,1195,1,25,0,2048,2048,1,24,0,2470,2470,1,
1536067118,21,0,2434,2434,1,22,0,2629,2629,1,23,0,616,616,1,24,0,1195,1195,1,25,0,2048,2048,1,24,0,2470,2470,1,
1536067118,21,0,2434,2434,1,22,0,2629,2629,1,23,0,616,616,1,24,0,1195,1195,1,25,0,2048,2048,1,24,0,2470,2470,1,
1536067123,21,0,2434,2434,1,22,0,2629,2629,1,23,0,616,616,1,24,0,1195,1195,1,25,0,2048,2048,1,24,0,2470,2470,1,
1536067129,21,0,2434,2434,1,22,0,2629,2629,1,23,0,616,616,1,24,0,1195,1195,1,25,0,2048,2048,1,24,0,2470,2470,1,
1536067129,21,0,2434,2434,1,22,0,2629,2629,1,23,0,616,616,1,24,0,1195,1195,1,25,0,2048,2048,1,24,0,2470,2470,1,
1536067134,21,0,2434,2434,1,22,0,2629,2629,1,23,0,616,616,1,24,0,1195,1195,1,25,0,2048,2048,1,24,0,2470,2470,1,
1536067134,21,0,2434,2434,1,22,0,2629,2629,1,23,0,616,616,1,24,0,1195,1195,1,25,0,2048,2048,1,24,0,2470,2470,1,
1536067140,21,0,2434,2434,1,22,0,2629,2629,1,23,0,616,616,1,24,0,1195,1195,1,25,0,2048,2048,1,24,0,2470,2470,1,
1536067145,21,0,2434,2434,1,22,0,2629,2629,1,23,0,616,616,1,24,0,1195,1195,1,25,0,2048,2048,1,24,0,2470,2470,1,
1536067145,21,0,2434,2434,1,22,0,2629,2629,1,23,0,616,616,1,24,0,1195,1195,1,25,0,2048,2048,1,24,0,2470,2470,1,
1536067151,21,0,2434,2434,1,22,0,2629,2629,1,23,0,616,616,1,24,0,1195,1195,1,25,0,2048,2048,1,24,0,2470,2470,1,
1536067151,21,0,2434,2434,1,22,0,2629,2629,1,23,0,616,616,1,24,0,1195,1195,1,25,0,2048,2048,1,24,0,2470,2470,1,
1536067156,21,0,2434,2434,1,22,0,2629,2629,1,23,0,616,616,1,24,0,1195,1195,1,25,0,2048,2048,1,24,0,2470,2470,1,
1536067162,21,0,2434,2434,1,22,0,2629,2629,1,23,0,616,616,1,24,0,1195,1195,1,25,0,2048,2048,1,24,0,2470,2470,1,
1536067162,21,0,2434,2434,1,23,0,2629,2630,1,23,0,616,616,1,24,0,1195,1195,1,25,0,2048,2048,1,25,0,2470,2470,1,
1536067167,21,0,2434,2434,1,23,0,2629,2630,1,23,0,616,616,1,24,0,1195,1195,1,25,0,2048,2048,1,25,0,2470,2470,1,
1536067167,21,0,2434,2434,1,23,0,2629,2629,1,23,0,616,616,1,24,0,1195,1195,1,25,0,2048,2048,1,24,0,2470,2470,1,
1536067167,21,0,2434,2434,1,23,0,2629,2629,1,23,0,616,616,1,24,0,1195,1195,1,25,0,2048,2048,1,24,0,2470,2470,1,
1536067173,21,0,2434,2434,1,23,0,2629,2629,1,23,0,616,616,1,24,0,1195,1195,1,25,0,2048,2048,1,25,0,2470,2470,1,
1536067173,21,0,2434,2434,1,23,0,2629,2629,1,23,0,616,616,1,24,0,1195,1195,1,25,0,2048,2048,1,25,0,2470,2470,1,
1536067178,21,0,2434,2434,1,23,0,2629,2629,1,23,0,616,616,1,24,0,1195,1195,1,25,0,2048,2048,1,25,0,2470,2470,1,
1536067178,21,0,2434,2434,1,23,0,2629,2629,1,23,0,616,616,1,24,0,1195,1195,1,25,0,2048,2048,1,24,0,2470,2470,1,
1536067184,21,0,2434,2434,1,23,0,2629,2629,1,23,0,616,616,1,24,0,1195,1195,1,25,0,2048,2048,1,24,0,2470,2470,1,
1536067189,21,0,2434,2434,1,23,0,2629,2629,1,23,0,616,616,1,24,0,1195,1195,1,25,0,2048,2048,1,25,0,2470,2470,1,
1536067189,21,0,2434,2434,1,23,0,2629,2629,1,23,0,616,616,1,24,0,1195,1195,1,25,0,2048,2048,1,25,0,2470,2470,1,
1536067195,21,0,2434,2434,1,23,0,2629,2629,1,23,0,616,616,1,24,0,1195,1195,1,25,0,2048,2048,1,25,0,2470,2470,1,
1536067195,21,0,2434,2434,1,23,0,2629,2629,1,23,0,616,616,1,24,0,1195,1195,1,25,0,2048,2048,1,25,0,2470,2470,1,
1536067200,21,0,2434,2434,1,23,0,2629,2629,1,23,0,616,616,1,24,0,1195,1195,1,25,0,2048,2048,1,25,0,2470,2470,1,
1536067205,21,0,2434,2434,1,23,0,2629,2629,1,23,0,616,616,1,24,0,1195,1195,1,25,0,2048,2048,1,25,0,2470,2470,1,
1536067205,21,0,2434,2434,1,23,0,2629,2629,1,23,0,616,616,1,24,0,1195,1195,1,25,0,2048,2048,1,25,0,2470,2470,1,
1536067211,21,0,2434,2434,1,23,0,2629,2629,1,23,0,616,616,1,24,0,1195,1195,1,25,0,2048,2048,1,25,0,2470,2470,1,
1536067211,21,0,2434,2434,1,23,0,2629,2629,1,23,0,616,616,1,24,0,1195,1195,1,25,0,2048,2048,1,25,0,2470,2470,1,
1536067216,21,0,2434,2434,1,23,0,2629,2629,1,23,0,616,616,1,24,0,1195,1195,1,25,0,2048,2048,1,25,0,2470,2470,1,
1536067222,21,0,2434,2434,1,23,0,2629,2629,1,23,0,616,616,1,24,0,1195,1195,1,25,0,2048,2048,1,25,0,2470,2470,1,
1536067222,21,0,2434,2434,1,23,0,2629,2629,1,23,0,616,616,1,24,0,1195,1195,1,25,0,2048,2048,1,25,0,2470,2470,1,
1536067227,21,0,2434,2434,1,23,0,2629,2629,1,23,0,616,616,1,24,0,1195,1195,1,25,0,2048,2048,1,25,0,2470,2470,1,
1536067227,21,0,2434,2434,1,23,0,2629,2629,1,23,0,616,616,1,24,0,1195,1195,1,25,0,2048,2048,1,25,0,2470,2470,1,
1536067227,21,0,2434,2434,1,23,0,2629,2629,1,23,0,616,616,1,24,0,1195,1195,1,25,0,2048,2048,1,25,0,2470,2470,1,
1536067233,21,0,2434,2434,1,23,0,2629,2629,1,23,0,616,616,1,24,0,1195,1195,1,25,0,2048,2048,1,25,0,2470,2470,1,
1536067233,21,0,2434,2434,1,23,0,2629,2629,1,23,0,616,616,1,24,0,1195,1195,1,25,0,2048,2048,1,25,0,2470,2470,1,
1536067238,21,0,2434,2434,1,23,0,2629,2629,1,23,0,616,616,1,24,0,1195,1195,1,25,0,2048,2048,1,25,0,2470,2470,1,
1536067238,21,0,2434,2434,1,23,0,2629,2629,1,23,0,616,616,1,24,0,1195,1195,1,25,0,2048,2048,1,25,0,2470,2470,1,
1536067244,21,0,2434,2434,1,23,0,2629,2629,1,23,0,616,616,1,24,0,1195,1195,1,25,0,2048,2048,1,25,0,2470,2470,1,
1536067249,21,0,2434,2434,1,23,0,2629,2629,1,23,0,616,616,1,24,0,1195,1195,1,25,0,2048,2048,1,25,0,2470,2470,1,
1536067249,22,0,2434,2434,1,23,0,2629,2629,1,23,0,616,616,1,24,0,1195,1195,1,25,0,2048,2048,1,25,0,2470,2470,1,
1536067255,22,0,2434,2434,1,23,0,2629,2629,1,23,0,616,616,1,24,0,1195,1195,1,25,0,2048,2048,1,25,0,2470,2470,1,
1536067255,22,0,2434,2434,1,23,0,2629,2629,1,23,0,616,616,1,24,0,1195,1195,1,25,0,2048,2048,1,25,0,2470,2470,1,
1536067260,22,0,2434,2434,1,23,0,2629,2629,1,23,0,616,616,1,24,0,1195,1195,1,25,0,2048,2048,1,25,0,2470,2470,1,
1536067266,22,0,2434,2434,1,23,0,2629,2629,1,23,0,616,616,1,24,0,1195,1195,1,25,0,2048,2048,1,25,0,2470,2470,1,
1536067266,22,0,2434,2434,1,23,0,2629,2629,1,23,0,616,616,1,24,0,1195,1195,1,25,0,2048,2048,1,24,0,2470,2470,1,
1536067271,22,0,2434,2434,1,23,0,2629,2629,1,23,0,616,616,1,24,0,1195,1195,1,25,0,2048,2048,1,24,0,2470,2470,1,
1536067271,22,0,2434,2434,1,23,0,2629,2629,1,23,0,616,616,1,24,0,1195,1195,1,25,0,2048,2048,1,24,0,2470,2470,1,
1536067277,22,0,2434,2434,1,23,0,2629,2629,1,23,0,616,616,1,24,0,1195,1195,1,25,0,2048,2048,1,24,0,2470,2470,1,
1536067282,22,0,2434,2434,1,23,0,2629,2629,1,23,0,616,616,1,24,0,1195,1195,1,25,0,2048,2048,1,25,0,2470,2470,1,
1536067282,22,0,2434,2434,1,23,0,2629,2629,1,23,0,616,616,1,24,0,1195,1195,1,25,0,2048,2048,1,25,0,2470,2470,1,
1536067282,22,0,2434,2434,1,23,0,2629,2629,1,23,0,616,616,1,24,0,1195,1195,1,25,0,2048,2048,1,25,0,2470,2470,1,
1536067282,22,0,2434,2434,1,23,0,2629,2629,1,23,0,616,616,1,24,0,1195,1195,1,25,0,2048,2048,1,25,0,2470,2470,1,
1536067287,22,0,2434,2434,1,23,0,2629,2629,1,23,0,616,616,1,24,0,1195,1195,1,25,0,2048,2048,1,25,0,2470,2470,1,
1536067293,22,0,2434,2434,1,23,0,2629,2629,1,23,0,616,616,1,24,0,1195,1195,1,25,0,2048,2048,1,25,0,2470,2470,1,
1536067293,22,0,2434,2434,1,23,0,2629,2629,1,23,0,616,616,1,24,0,1195,1195,1,25,0,2048,2048,1,25,0,2470,2470,1,
1536067298,22,0,2434,2434,1,23,0,2629,2629,1,23,0,616,616,1,24,0,1195,1195,1,25,0,2048,2048,1,25,0,2470,2470,1,
1536067298,22,0,2434,2434,1,23,0,2629,2629,1,23,0,616,616,1,24,0,1195,1195,1,25,0,2048,2048,1,25,0,2470,2470,1,
1536067304,22,0,2434,2434,1,23,0,2629,2629,1,23,0,616,616,1,24,0,1195,1195,1,25,0,2048,2048,1,25,0,2470,2470,1,
1536067309,22,0,2434,2434,1,23,0,2629,2629,1,23,0,616,616,1,24,0,1195,1195,1,25,0,2048,2048,1,25,0,2470,2470,1,
1536067309,22,0,2434,2434,1,23,0,2629,2629,1,23,0,616,616,1,24,0,1195,1195,1,25,0,2048,2048,1,25,0,2470,2470,1,
1536067315,22,0,2434,2434,1,23,0,2629,2629,1,23,0,616,616,1,24,0,1195,1195,1,25,0,2048,2048,1,25,0,2470,2470,1,
1536067315,22,0,2434,2434,1,23,0,2629,2629,1,23,0,616,616,1,24,0,1195,1195,1,25,0,2048,2048,1,25,0,2470,2470,1,
1536067320,22,0,2434,2434,1,23,0,2629,2629,1,23,0,616,616,1,24,0,1195,1195,1,25,0,2048,2048,1,25,0,2470,2470,1,
1536067326,22,0,2434,2434,1,23,0,2629,2629,1,23,0,616,616,1,24,0,1195,1195,1,25,0,2048,2048,1,25,0,2470,2470,1,
1536067326,22,0,2434,2434,1,23,0,2629,2629,1,23,0,616,616,1,24,0,1195,1195,1,25,0,2048,2048,1,25,0,2470,2470,1,
1536067331,22,0,2434,2434,1,23,0,2629,2629,1,23,0,616,616,1,24,0,1195,1195,1,25,0,2048,2048,1,25,0,2470,2470,1,
1536067331,22,0,2434,2434,1,23,0,2629,2629,1,23,0,616,616,1,24,0,1195,1195,1,25,0,2048,2048,1,25,0,2470,2470,1,
1536067337,22,0,2434,2434,1,23,0,2629,2629,1,23,0,616,616,1,24,0,1195,1195,1,25,0,2048,2048,1,25,0,2470,2470,1,
1536067342,22,0,2434,2434,1,23,0,2629,2629,1,23,0,616,616,1,24,0,1195,1195,1,25,0,2048,2048,1,25,0,2470,2470,1,
1536067342,22,0,2434,2434,1,23,0,2629,2629,1,23,0,616,616,1,24,0,1195,1195,1,26,0,2048,2048,1,25,0,2470,2470,1,
1536067342,22,0,2434,2434,1,23,0,2629,2629,1,23,0,616,616,1,24,0,1195,1195,1,26,0,2048,2048,1,25,0,2470,2470,1,
1536067342,22,0,2434,2434,1,23,0,2629,2629,1,23,0,616,616,1,24,0,1195,1195,1,26,0,2048,2048,1,25,0,2470,2470,1,
1536067348,22,0,2434,2434,1,23,0,2629,2629,1,23,0,616,616,1,24,0,1195,1195,1,26,0,2048,2048,1,25,0,2470,2470,1,
1536067353,22,0,2434,2434,1,23,0,2629,2629,1,23,0,616,616,1,24,0,1195,1195,1,26,0,2048,2048,1,25,0,2470,2470,1,
1536067353,22,0,2434,2434,1,23,0,2629,2629,1,23,0,616,616,1,24,0,1195,1195,1,26,0,2048,2048,1,25,0,2470,2470,1,
1536067359,22,0,2434,2434,1,23,0,2629,2629,1,23,0,616,616,1,24,0,1195,1195,1,26,0,2048,2048,1,25,0,2470,2470,1,
1536067359,22,0,2434,2434,1,23,0,2629,2629,1,23,0,616,616,1,24,0,1195,1195,1,26,0,2048,2048,1,25,0,2470,2470,1,
1536067364,22,0,2434,2434,1,23,0,2629,2629,1,23,0,616,616,1,24,0,1195,1195,1,26,0,2048,2048,1,25,0,2470,2470,1,
1536067369,22,0,2434,2434,1,23,0,2629,2629,1,23,0,616,616,1,24,0,1195,1195,1,26,0,2048,2048,1,25,0,2470,2470,1,
1536067369,22,0,2434,2434,1,23,0,2629,2629,1,23,0,616,616,1,24,0,1195,1195,1,26,0,2048,2048,1,25,0,2470,2470,1,
1536067375,22,0,2434,2434,1,23,0,2629,2629,1,23,0,616,616,1,24,0,1195,1195,1,26,0,2048,2048,1,25,0,2470,2470,1,
1536067375,22,0,2434,2434,1,23,0,2629,2629,1,23,0,616,616,1,24,0,1195,1195,1,26,0,2048,2048,1,25,0,2470,2470,1,
1536067380,22,0,2434,2434,1,23,0,2629,2629,1,23,0,616,616,1,24,0,1195,1195,1,26,0,2048,2048,1,25,0,2470,2470,1,
1536067386,22,0,2434,2434,1,23,0,2629,2629,1,23,0,616,616,1,24,0,1195,1195,1,26,0,2048,2048,1,25,0,2470,2470,1,
1536067386,22,0,2434,2434,1,23,0,2629,2629,1,23,0,616,616,1,24,0,1195,1195,1,26,0,2048,2048,1,25,0,2470,2470,1,
1536067391,22,0,2434,2434,1,23,0,2629,2629,1,23,0,616,616,1,24,0,1195,1195,1,26,0,2048,2048,1,25,0,2470,2470,1,
1536067391,22,0,2434,2434,1,23,0,2629,2629,1,23,0,616,616,1,24,0,1195,1195,1,26,0,2048,2048,1,25,0,2470,2470,1,
1536067397,22,0,2434,2434,1,23,0,2629,2629,1,23,0,616,616,1,24,0,1195,1195,1,26,0,2048,2048,1,25,0,2470,2470,1,
1536067402,22,0,2434,2434,1,23,0,2629,2629,1,23,0,616,616,1,25,0,1195,1195,1,26,0,2048,2048,1,25,0,2470,2470,1,
1536067402,22,0,2434,2434,1,23,0,2629,2629,1,23,0,616,616,1,25,0,1195,1195,1,26,0,2048,2048,1,25,0,2470,2470,1,
1536067402,22,0,2434,2434,1,23,0,2629,2629,1,23,0,616,616,1,25,0,1195,1195,1,26,0,2048,2048,1,25,0,2470,2470,1,
1536067402,22,0,2434,2434,1,23,0,2629,2629,1,23,0,616,616,1,25,0,1195,1195,1,26,0,2048,2048,1,25,0,2470,2470,1,
1536067408,22,0,2434,2434,1,23,0,2629,2629,1,23,0,616,616,1,25,0,1195,1195,1,26,0,2048,2048,1,25,0,2470,2470,1,
1536067413,22,0,2434,2434,1,23,0,2629,2629,1,23,0,616,616,1,25,0,1195,1195,1,26,0,2048,2048,1,25,0,2470,2470,1,
1536067413,22,0,2434,2434,1,23,0,2629,2629,1,23,0,616,616,1,25,0,1195,1195,1,26,0,2048,2048,1,25,0,2470,2470,1,
1536067419,22,0,2434,2434,1,23,0,2629,2629,1,23,0,616,616,1,25,0,1195,1195,1,26,0,2048,2048,1,25,0,2470,2470,1,
1536067419,22,0,2434,2434,1,23,0,2629,2629,1,23,0,616,616,1,25,0,1195,1195,1,26,0,2048,2048,1,25,0,2470,2470,1,
1536067424,22,0,2434,2434,1,23,0,2629,2629,1,23,0,616,616,1,25,0,1195,1195,1,26,0,2048,2048,1,25,0,2470,2470,1,
1536067430,22,0,2434,2434,1,23,0,2629,2629,1,24,0,616,616,1,25,0,1195,1195,1,26,0,2048,2048,1,25,0,2470,2470,1,
1536067430,22,0,2434,2434,1,23,0,2629,2629,1,24,0,616,616,1,25,0,1195,1195,1,26,0,2048,2048,1,25,0,2470,2470,1,
1536067435,22,0,2434,2434,1,23,0,2629,2629,1,24,0,616,616,1,25,0,1195,1195,1,26,0,2048,2048,1,25,0,2470,2470,1,
1536067435,22,0,2434,2434,1,23,0,2629,2629,1,24,0,616,616,1,25,0,1195,1195,1,26,0,2048,2048,1,25,0,2470,2470,1,
1536067441,22,0,2434,2434,1,23,0,2629,2629,1,24,0,616,616,1,25,0,1195,1195,1,26,0,2048,2048,1,25,0,2470,2470,1,
1536067446,22,0,2434,2434,1,23,0,2629,2629,1,24,0,616,616,1,25,0,1195,1195,1,26,0,2048,2048,1,25,0,2470,2470,1,
1536067446,22,0,2434,2434,1,23,0,2629,2629,1,24,0,616,616,1,25,0,1195,1195,1,26,0,2048,2048,1,25,0,2470,2470,1,
1536067451,22,0,2434,2434,1,23,0,2629,2629,1,24,0,616,616,1,25,0,1195,1195,1,26,0,2048,2048,1,25,0,2470,2470,1,
1536067451,22,0,2434,2434,1,23,0,2629,2629,1,24,0,616,616,1,25,0,1195,1195,1,26,0,2048,2048,1,25,0,2470,2470,1,
1536067457,22,0,2434,2434,1,23,0,2629,2629,1,24,0,616,616,1,25,0,1195,1195,1,26,0,2048,2048,1,25,0,2470,2470,1,
1536067457,22,0,2434,2434,1,23,0,2629,2629,1,24,0,616,616,1,25,0,1195,1195,1,26,0,2048,2048,1,25,0,2470,2470,1,
1536067457,22,0,2434,2434,1,23,0,2629,2629,1,24,0,616,616,1,25,0,1195,1195,1,26,0,2048,2048,1,25,0,2470,2470,1,
1536067462,22,0,2434,2434,1,23,0,2629,2629,1,24,0,616,616,1,25,0,1195,1195,1,26,0,2048,2048,1,25,0,2470,2470,1,
1536067462,22,0,2434,2434,1,23,0,2629,2629,1,24,0,616,616,1,25,0,1195,1195,1,26,0,2048,2048,1,25,0,2470,2470,1,
1536067468,22,0,2434,2434,1,23,0,2629,2629,1,24,0,616,616,1,25,0,1195,1195,1,26,0,2048,2048,1,25,0,2470,2470,1,
1536067473,22,0,2434,2434,1,23,0,2629,2629,1,24,0,616,616,1,25,0,1195,1195,1,26,0,2048,2048,1,25,0,2470,2470,1,
1536067473,22,0,2434,2434,1,23,0,2629,2629,1,24,0,616,616,1,25,0,1195,1195,1,26,0,2048,2048,1,25,0,2470,2470,1,
1536067479,22,0,2434,2434,1,23,0,2629,2629,1,24,0,616,616,1,25,0,1195,1195,1,26,0,2048,2048,1,25,0,2470,2470,1,
1536067479,22,0,2434,2434,1,23,0,2629,2629,1,24,0,616,616,1,25,0,1195,1195,1,26,0,2048,2048,1,25,0,2470,2470,1,
1536067484,22,0,2434,2434,1,23,0,2629,2629,1,24,0,616,616,1,25,0,1195,1195,1,26,0,2048,2048,1,25,0,2470,2470,1,
1536067490,22,0,2434,2434,1,23,0,2629,2629,1,24,0,616,616,1,25,0,1195,1195,1,26,0,2048,2048,1,25,0,2470,2470,1,
1536067490,22,0,2434,2434,1,23,0,2629,2629,1,24,0,616,616,1,25,0,1195,1195,1,26,0,2048,2048,1,25,0,2470,2470,1,
1536067495,22,0,2434,2434,1,23,0,2629,2629,1,24,0,616,616,1,25,0,1195,1195,1,26,0,2048,2048,1,25,0,2470,2470,1,
1536067495,22,0,2434,2434,1,23,0,2629,2629,1,24,0,616,616,1,25,0,1195,1195,1,26,0,2048,2048,1,25,0,2470,2470,1,
1536067501,22,0,2434,2434,1,23,0,2629,2629,1,24,0,616,616,1,25,0,1195,1195,1,26,0,2048,2048,1,25,0,2470,2470,1,
1536067506,22,0,2434,2434,1,23,0,2629,2629,1,24,0,616,615,1,25,0,1195,1195,1,26,0,2048,2048,1,25,0,2470,2470,1,
1536067506,22,0,2434,2434,1,23,0,2629,2629,1,24,0,616,616,1,25,0,1195,1195,1,26,0,2048,2048,1,25,0,2470,2470,1,
1536067512,22,0,2434,2434,1,23,0,2629,2629,1,24,0,616,616,1,25,0,1195,1195,1,26,0,2048,2048,1,25,0,2470,2470,1,
1536067512,22,0,2434,2434,1,23,0,2629,2629,1,24,0,616,616,1,25,0,1195,1195,1,26,0,2048,2048,1,25,0,2470,2470,1,
1536067517,22,0,2434,2434,1,23,0,2629,2629,1,24,0,616,616,1,25,0,1195,1195,1,26,0,2048,2048,1,25,0,2470,2470,1,
1536067517,22,0,2434,2434,1,23,0,2629,2629,1,24,0,616,616,1,25,0,1195,1195,1,26,0,2048,2048,1,26,0,2470,2470,1,
1536067517,22,0,2434,2434,1,23,0,2629,2629,1,24,0,616,616,1,25,0,1195,1195,1,26,0,2048,2048,1,26,0,2470,2470,1,
1536067395,22,0,2434,2434,1,23,0,2629,2629,1,24,0,616,616,1,25,0,1195,1195,1,26,0,2048,2048,1,26,0,2470,2470,1,
1536067395,22,0,2434,2434,1,23,0,2629,2629,1,24,0,616,616,1,25,0,1195,1195,1,26,0,2048,2048,1,26,0,2470,2470,1,
1536067528,22,0,2434,2434,1,23,0,2629,2629,1,24,0,616,616,1,25,0,1195,1195,1,26,0,2048,2048,1,26,0,2470,2470,1,
1536067533,22,0,2434,2434,1,23,0,2629,2629,1,24,0,616,616,1,25,0,1195,1195,1,26,0,2048,2048,1,26,0,2470,2470,1,
1536067533,22,0,2434,2434,1,23,0,2629,2629,1,24,0,616,616,1,25,0,1195,1195,1,26,0,2048,2048,1,26,0,2470,2470,1,
1536067539,22,0,2434,2434,1,23,0,2629,2629,1,24,0,616,616,1,25,0,1195,1195,1,26,0,2048,2048,1,26,0,2470,2470,1,
1536067539,22,0,2434,2434,1,23,0,2629,2629,1,24,0,616,616,1,25,0,1195,1195,1,26,0,2048,2048,1,25,0,2470,2470,1,
1536067544,22,0,2434,2434,1,23,0,2629,2629,1,24,0,616,616,1,25,0,1195,1195,1,26,0,2048,2048,1,25,0,2470,2470,1,
1536067550,22,0,2434,2434,1,23,0,2629,2629,1,24,0,616,616,1,25,0,1195,1195,1,26,0,2048,2048,1,25,0,2470,2470,1,
1536067550,22,0,2434,2434,1,23,0,2629,2629,1,24,0,616,616,1,25,0,1195,1195,1,26,0,2048,2048,1,25,0,2470,2470,1,
1536067555,22,0,2434,2434,1,23,0,2629,2629,1,24,0,616,616,1,25,0,1195,1195,1,26,0,2048,2048,1,25,0,2470,2470,1,
1536067555,22,0,2434,2434,1,23,0,2629,2629,1,24,0,616,616,1,25,0,1195,1195,1,26,0,2048,2048,1,25,0,2470,2470,1,
1536067561,22,0,2434,2434,1,23,0,2629,2629,1,24,0,616,616,1,25,0,1195,1195,1,26,0,2048,2048,1,25,0,2470,2470,1,
1536067566,23,0,2434,2434,1,23,0,2629,2629,1,24,0,616,616,1,25,0,1195,1195,1,26,0,2048,2048,1,25,0,2470,2470,1,
1536067566,23,0,2434,2434,1,23,0,2629,2629,1,24,0,616,616,1,25,0,1195,1195,1,26,0,2048,2048,1,25,0,2470,2470,1,
1536067572,23,0,2434,2434,1,23,0,2629,2629,1,24,0,616,616,1,25,0,1195,1195,1,26,0,2048,2048,1,25,0,2470,2470,1,
1536067572,23,0,2434,2434,1,23,0,2629,2629,1,24,0,616,616,1,25,0,1195,1195,1,26,0,2048,2048,1,25,0,2470,2470,1,
1536067577,23,0,2434,2434,1,23,0,2629,2629,1,24,0,616,616,1,25,0,1195,1195,1,26,0,2048,2048,1,25,0,2470,2470,1,
1536067577,23,0,2434,2434,1,23,0,2629,2629,1,24,0,616,616,1,25,0,1195,1195,1,26,0,2048,2048,1,25,0,2470,2470,1,
1536067577,23,0,2434,2434,1,23,0,2629,2629,1,24,0,616,616,1,25,0,1195,1195,1,27,0,2048,2048,1,25,0,2470,2470,1,
1536067583,23,0,2434,2434,1,23,0,2629,2629,1,24,0,616,616,1,25,0,1195,1195,1,27,0,2048,2048,1,25,0,2470,2470,1,
1536067583,23,0,2434,2434,1,23,0,2629,2629,1,24,0,616,616,1,25,0,1195,1195,1,27,0,2048,2048,1,25,0,2470,2470,1,
1536067588,23,0,2434,2434,1,23,0,2629,2629,1,24,0,616,616,1,25,0,1195,1195,1,27,0,2048,2048,1,25,0,2470,2470,1,
1536067594,23,0,2434,2434,1,23,0,2629,2629,1,24,0,616,616,1,25,0,1195,1195,1,27,0,2048,2048,1,25,0,2470,2470,1,
1536067594,23,0,2434,2434,1,23,0,2629,2629,1,24,0,616,616,1,25,0,1195,1195,1,27,0,2048,2048,1,25,0,2470,2470,1,
1536067599,23,0,2434,2434,1,23,0,2629,2629,1,24,0,616,616,1,25,0,1195,1195,1,27,0,2048,2048,1,25,0,2470,2470,1,
1536067599,23,0,2434,2434,1,23,0,2629,2629,1,24,0,616,616,1,25,0,1195,1195,1,27,0,2048,2048,1,26,0,2470,2470,1,
1536067605,23,0,2434,2434,1,23,0,2629,2629,1,24,0,616,616,1,25,0,1195,1195,1,27,0,2048,2048,1,26,0,2470,2470,1,
1536067610,23,0,2434,2434,1,23,0,2629,2629,1,24,0,616,616,1,25,0,1195,1195,1,27,0,2048,2048,1,26,0,2470,2470,1,
1536067610,23,0,2434,2434,1,23,0,2629,2629,1,24,0,616,616,1,25,0,1195,1195,1,27,0,2048,2048,1,26,0,2470,2470,1,
1536067616,23,0,2434,2434,1,23,0,2629,2629,1,24,0,616,616,1,25,0,1195,1195,1,27,0,2048,2048,1,26,0,2470,2470,1,
1536067616,23,0,2434,2434,1,24,0,2629,2629,1,24,0,616,616,1,25,0,1195,1195,1,27,0,2048,2048,1,26,0,2470,2470,1,
1536067621,23,0,2434,2434,1,24,0,2629,2629,1,24,0,616,616,1,25,0,1195,1195,1,27,0,2048,2048,1,26,0,2470,2470,1,
1536067626,23,0,2434,2434,1,24,0,2629,2629,1,24,0,616,616,1,25,0,1195,1195,1,27,0,2048,2048,1,26,0,2470,2470,1,
1536067626,23,0,2434,2434,1,24,0,2629,2629,1,24,0,616,616,1,25,0,1195,1195,1,27,0,2048,2048,1,26,0,2470,2470,1,
1536067632,23,0,2434,2434,1,24,0,2629,2629,1,24,0,616,616,1,25,0,1195,1195,1,27,0,2048,2048,1,26,0,2470,2470,1,
1536067632,23,0,2434,2434,1,24,0,2629,2629,1,24,0,616,616,1,25,0,1195,1195,1,27,0,2048,2048,1,26,0,2470,2470,1,
1536067637,23,0,2434,2434,1,24,0,2629,2629,1,24,0,616,616,1,25,0,1195,1195,1,27,0,2048,2048,1,26,0,2470,2470,1,
1536067637,23,0,2434,2434,1,24,0,2629,2629,1,24,0,616,616,1,25,0,1195,1195,1,27,0,2048,2048,1,25,0,2470,2470,1,
1536067637,23,0,2434,2434,1,24,0,2629,2629,1,24,0,616,616,1,25,0,1195,1195,1,27,0,2048,2048,1,26,0,2470,2470,1,
1536067643,23,0,2434,2434,1,24,0,2629,2629,1,24,0,616,616,1,25,0,1195,1195,1,27,0,2048,2048,1,26,0,2470,2470,1,
1536067643,23,0,2434,2434,1,24,0,2629,2629,1,24,0,616,616,1,25,0,1195,1195,1,27,0,2048,2048,1,26,0,2470,2470,1,
1536067648,23,0,2434,2434,1,24,0,2629,2629,1,24,0,616,616,1,25,0,1195,1195,1,27,0,2048,2048,1,26,0,2470,2470,1,
1536067654,23,0,2434,2434,1,24,0,2629,2629,1,24,0,616,616,1,25,0,1195,1195,1,27,0,2048,2048,1,26,0,2470,2470,1,
1536067654,23,0,2434,2434,1,24,0,2629,2629,1,24,0,616,616,1,25,0,1195,1195,1,27,0,2048,2048,1,26,0,2470,2470,1,
1536067659,23,0,2434,2434,1,24,0,2629,2629,1,24,0,616,616,1,25,0,1195,1195,1,27,0,2048,2048,1,26,0,2470,2470,1,
1536067659,23,0,2434,2434,1,24,0,2629,2629,1,24,0,616,616,1,25,0,1195,1195,1,27,0,2048,2048,1,26,0,2470,2470,1,
1536067665,23,0,2434,2434,1,24,0,2629,2629,1,24,0,616,616,1,25,0,1195,1195,1,27,0,2048,2048,1,26,0,2470,2470,1,
1536067670,23,0,2434,2434,1,24,0,2629,2629,1,24,0,616,616,1,25,0,1195,1195,1,27,0,2048,2048,1,26,0,2470,2470,1,
1536067670,23,0,2434,2434,1,24,0,2629,2629,1,24,0,616,616,1,25,0,1195,1195,1,27,0,2048,2048,1,26,0,2470,2470,1,
1536067676,23,0,2434,2434,1,24,0,2629,2629,1,24,0,616,616,1,25,0,1195,1195,1,27,0,2048,2048,1,26,0,2470,2470,1,
1536067676,23,0,2434,2434,1,24,0,2629,2629,1,24,0,616,616,1,25,0,1195,1195,1,27,0,2048,2048,1,26,0,2470,2470,1,
1536067681,23,0,2434,2434,1,24,0,2629,2629,1,24,0,616,616,1,25,0,1195,1195,1,27,0,2048,2048,1,26,0,2470,2470,1,
1536067687,23,0,2434,2434,1,24,0,2629,2629,1,24,0,616,616,1,25,0,1195,1195,1,27,0,2048,2048,1,26,0,2470,2470,1,
1536067687,23,0,2434,2434,1,24,0,2629,2629,1,24,0,616,616,1,25,0,1195,1195,1,27,0,2048,2048,1,26,0,2470,2470,1,
1536067692,23,0,2434,2434,1,24,0,2629,2629,1,24,0,616,616,1,25,0,1195,1195,1,27,0,2048,2048,1,26,0,2470,2470,1,
1536067692,23,0,2434,2434,1,24,0,2629,2629,1,24,0,616,616,1,25,0,1195,1195,1,27,0,2048,2048,1,26,0,2470,2470,1,
1536067692,23,0,2434,2434,1,24,0,2629,2629,1,24,0,616,616,1,25,0,1195,1195,1,27,0,2048,2048,1,26,0,2470,2470,1,
1536067698,23,0,2434,2434,1,24,0,2629,2629,1,24,0,616,616,1,26,0,1195,1195,1,27,0,2048,2048,1,26,0,2470,2470,1,
1536067698,23,0,2434,2434,1,24,0,2629,2629,1,24,0,616,616,1,26,0,1195,1195,1,27,0,2048,2048,1,26,0,2470,2470,1,
1536067703,23,0,2434,2434,1,24,0,2629,2629,1,24,0,616,616,1,26,0,1195,1195,1,27,0,2048,2048,1,26,0,2470,2470,1,
1536067703,23,0,2434,2434,1,24,0,2629,2629,1,24,0,616,616,1,26,0,1195,1195,1,27,0,2048,2048,1,26,0,2470,2470,1,
1536067708,23,0,2434,2434,1,24,0,2629,2629,1,24,0,616,616,1,26,0,1195,1195,1,27,0,2048,2048,1,26,0,2470,2470,1,
1536067714,23,0,2434,2434,1,24,0,2629,2629,1,24,0,616,616,1,26,0,1195,1195,1,27,0,2048,2048,1,26,0,2470,2470,1,
1536067714,23,0,2434,2434,1,24,0,2629,2629,1,24,0,616,616,1,26,0,1195,1195,1,27,0,2048,2048,1,26,0,2470,2470,1,
