time recorded,rocker horizontal,rocker vertical,toggle horizontal,toggle vertical,blu button time depressed,flap,potentiometer lever,potentional knob
0,0,0,0,0,0,0,0,0,
0,0,0,0,0,0,0,0,0,
5,0,0,0,0,0,0,39,25,
5,0,0,0,0,0,0,39,25,
5,0,0,0,0,0,0,39,25,
1530844591,0,0,0,0,0,0,39,33,
1530844591,0,0,0,0,0,0,39,33,
1530844597,0,0,0,0,0,0,39,32,
1530844602,0,0,0,0,0,0,39,33,
1530844602,0,0,0,0,0,0,39,33,
1530844608,0,0,0,0,0,0,39,34,
1530844608,0,0,0,0,0,0,39,34,
1530844613,0,0,0,0,0,0,39,25,
1530844613,0,0,0,0,0,0,39,32,
1530844613,0,0,0,0,0,0,39,32,
1530844619,0,0,0,0,0,0,39,34,
1530844619,0,0,0,0,0,0,39,34,
1530844624,0,0,0,0,0,0,39,34,
1530844630,0,0,0,0,0,0,39,34,
1530844630,0,0,0,0,0,0,39,34,
1530844635,0,0,0,0,0,0,39,25,
1530844635,0,0,0,0,0,0,39,25,
1530844640,0,0,0,0,0,0,39,32,
1530844645,0,0,0,0,0,0,39,33,
1530844645,0,0,0,0,0,0,39,33,
1530844652,0,0,0,0,0,0,39,33,
1530844652,0,0,0,0,0,0,39,33,
1530844656,0,0,0,0,0,0,39,33,
1530844661,0,0,0,0,0,0,39,25,
1530844661,0,0,0,0,0,0,39,25,
1530844667,0,0,0,0,0,0,39,32,
1530844667,0,0,0,0,0,0,39,32,
1536052914,0,0,0,0,0,0,39,33,
1536052914,0,0,0,0,0,0,39,33,
1536052914,0,0,0,0,0,0,39,33,
1536052920,0,0,0,0,0,0,39,34,
1536052920,0,0,0,0,0,0,39,34,
1536052925,0,0,0,0,0,0,39,32,
1536052931,0,0,0,0,0,0,39,34,
1536052931,0,0,0,0,0,0,39,34,
1536052936,0,0,0,0,0,0,39,32,
1536052936,0,0,0,0,0,0,39,32,
1536052942,0,0,0,0,0,0,39,34,
1536052947,0,0,0,0,0,0,39,32,
1536052947,0,0,0,0,0,0,39,32,
1536052953,0,0,0,0,0,0,39,33,
1536052953,0,0,0,0,0,0,39,33,
1536052958,0,0,0,0,0,0,39,34,
1536052964,0,0,0,0,0,0,39,34,
1536052964,0,0,0,0,0,0,39,34,
1536052969,0,0,0,0,0,0,39,34,
1536052969,0,0,0,0,0,0,39,34,
1536052969,0,0,0,0,0,0,39,34,
1536052975,0,0,0,0,0,0,39,34,
1536052975,0,0,0,0,0,0,39,34,
1536052980,0,0,0,0,0,0,39,25,
1536052980,0,0,0,0,0,0,39,25,
1536052985,0,0,0,0,0,0,39,32,
1536052991,0,0,0,0,0,0,39,25,
1536052991,0,0,0,0,0,0,39,25,
1536052996,0,0,0,0,0,0,39,33,
1536052996,0,0,0,0,0,0,39,33,
1536053002,0,0,0,0,0,0,39,34,
1536053007,0,0,0,0,0,0,39,33,
1536053007,0,0,0,0,0,0,39,33,
1536053013,0,0,0,0,0,0,39,32,
1536053013,0,0,0,0,0,0,39,32,
1536053018,0,0,0,0,0,0,39,33,
1536053024,0,0,0,0,0,0,39,34,
1536053024,0,0,0,0,0,0,39,34,
1536053029,0,0,0,0,0,0,39,25,
1536053029,0,0,0,0,0,0,39,25,
1536053029,0,0,0,0,0,0,39,32,
1536053034,0,0,0,0,0,0,39,34,
1536053034,0,0,0,0,0,0,39,34,
1536053039,0,0,0,0,0,0,39,33,
1536053039,0,0,0,0,0,0,39,33,
1536053045,0,0,0,0,0,0,39,34,
1536053050,0,0,0,0,0,0,39,32,
1536053050,0,0,0,0,0,0,39,32,
1536053056,0,0,0,0,0,0,39,25,
1536053056,0,0,0,0,0,0,39,25,
1536053061,0,0,0,0,0,0,39,35,
1536053066,0,0,0,0,0,0,39,33,
1536053066,0,0,0,0,0,0,39,33,
1536053072,0,0,0,0,0,0,39,25,
1536053072,0,0,0,0,0,0,39,25,
1536053077,0,0,0,0,0,0,39,25,
1536053083,0,0,0,0,0,0,39,34,
1536053083,0,0,0,0,0,0,39,34,
1536053088,0,0,0,0,0,0,39,33,
1536053088,0,0,0,0,0,0,39,33,
1536053088,0,0,0,0,0,0,39,32,
1536053094,0,0,0,0,0,0,39,25,
1536053094,0,0,0,0,0,0,39,25,
1536053099,0,0,0,0,0,0,39,34,
1536053099,0,0,0,0,0,0,39,34,
1536053105,0,0,0,0,0,0,39,33,
1536053110,0,0,0,0,0,0,39,25,
1536053110,0,0,0,0,0,0,39,25,
1536053116,0,0,0,0,0,0,39,32,
1536053116,0,0,0,0,0,0,39,32,
1536053121,0,0,0,0,0,0,39,34,
1536053127,0,0,0,0,0,0,39,34,
1536053127,0,0,0,0,0,0,39,34,
1536053132,0,0,0,0,0,0,39,34,
1536053132,0,0,0,0,0,0,39,34,
1536053138,0,0,0,0,0,0,39,32,
1536053143,0,0,0,0,0,0,39,25,
1536053143,0,0,0,0,0,0,39,25,
1536053148,0,0,0,0,0,0,39,33,
1536053148,0,0,0,0,0,0,39,33,
1536053148,0,0,0,0,0,0,39,33,
1536053154,0,0,0,0,0,0,39,32,
1536053154,0,0,0,0,0,0,39,32,
1536053159,0,0,0,0,0,0,39,34,
1536053159,0,0,0,0,0,0,39,34,
1536053165,0,0,0,0,0,0,39,34,
1536053170,0,0,0,0,0,0,39,33,
1536053170,0,0,0,0,0,0,39,33,
1536053176,0,0,0,0,0,0,39,33,
1536053176,0,0,0,0,0,0,39,33,
1536053181,0,0,0,0,0,0,39,34,
1536053187,0,0,0,0,0,0,39,32,
1536053187,0,0,0,0,0,0,39,32,
1536053192,0,0,0,0,0,0,39,32,
1536053192,0,0,0,0,0,0,39,32,
1536053198,0,0,0,0,0,0,39,32,
1536053203,0,0,0,0,0,0,38,34,
1536053203,0,0,0,0,0,0,38,34,
1536053203,0,0,0,0,0,0,39,25,
1536053203,0,0,0,0,0,0,39,25,
1536053209,0,0,0,0,0,0,39,34,
1536053209,0,0,0,0,0,0,39,34,
1536053209,0,0,0,0,0,0,39,34,
1536053215,0,0,0,0,0,0,39,33,
1536053215,0,0,0,0,0,0,39,33,
1536053220,0,0,0,0,0,0,39,32,
1536053225,0,0,0,0,0,0,39,25,
1536053225,0,0,0,0,0,0,39,25,
1536053231,0,0,0,0,0,0,39,34,
1536053231,0,0,0,0,0,0,39,34,
1536053236,0,0,0,0,0,0,39,32,
1536053242,0,0,0,0,0,0,39,34,
1536053242,0,0,0,0,0,0,39,34,
1536053247,0,0,0,0,0,0,39,34,
1536053247,0,0,0,0,0,0,39,34,
1536053253,0,0,0,0,0,0,39,34,
1536053258,0,0,0,0,0,0,39,32,
1536053258,0,0,0,0,0,0,39,32,
1536053258,0,0,0,0,0,0,39,33,
1536053258,0,0,0,0,0,0,39,33,
1536053269,0,0,0,0,0,0,39,34,
1536053274,0,0,0,0,0,0,39,33,
1536053274,0,0,0,0,0,0,39,33,
1536053280,0,0,0,0,0,0,39,32,
1536053280,0,0,0,0,0,0,39,32,
1536053285,0,0,0,0,0,0,39,32,
1536053291,0,0,0,0,0,0,39,34,
1536053291,0,0,0,0,0,0,39,34,
1536053296,0,0,0,0,0,0,39,32,
1536053296,0,0,0,0,0,0,39,32,
1536053302,0,0,0,0,0,0,39,34,
1536053307,0,0,0,0,0,0,39,25,
1536053307,0,0,0,0,0,0,39,25,
1536053312,0,0,0,0,0,0,39,25,
1536053312,0,0,0,0,0,0,39,25,
1536053318,0,0,0,0,0,0,39,33,
1536053323,0,0,0,0,0,0,39,34,
1536053323,0,0,0,0,0,0,39,34,
1536053323,0,0,0,0,0,0,39,33,
1536053323,0,0,0,0,0,0,39,33,
1536053329,0,0,0,0,0,0,39,33,
1536053334,0,0,0,0,0,0,39,34,
1536053334,0,0,0,0,0,0,39,34,
1536053340,0,0,0,0,0,0,39,33,
1536053340,0,0,0,0,0,0,39,33,
1536053345,0,0,0,0,0,0,39,34,
1536053351,0,0,0,0,0,0,39,25,
1536053351,0,0,0,0,0,0,39,25,
1536053356,0,0,0,0,0,0,39,32,
0,0,0,0,0,0,0,0,0,
5,0,0,0,0,0,0,39,35,
5,0,0,0,0,0,0,39,35,
5,0,0,0,0,0,0,39,35,
5,0,0,0,0,0,0,39,35,
1530844591,0,0,0,0,0,0,39,36,
1530844597,0,0,0,0,0,0,39,29,
1530844597,0,0,0,0,0,0,39,29,
1530844602,0,0,0,0,0,0,39,37,
1530844602,0,0,0,0,0,0,39,37,
1530844608,0,0,0,0,0,0,39,35,
1530844608,0,0,0,0,0,0,39,35,
1530844608,0,0,0,0,0,0,39,35,
1530844613,0,0,0,0,0,0,39,36,
1530844613,0,0,0,0,0,0,39,36,
1530844619,0,0,0,0,0,0,39,35,
1530844624,0,0,0,0,0,0,39,35,
1530844624,0,0,0,0,0,0,39,35,
1530844630,0,0,0,0,0,0,39,34,
1530844630,0,0,0,0,0,0,39,34,
1530844635,0,0,0,0,0,0,39,36,
1530844641,0,0,0,0,0,0,39,36,
1530844641,0,0,0,0,0,0,39,36,
1530844646,0,0,0,0,0,0,39,36,
1530844646,0,0,0,0,0,0,39,36,
1530844652,0,0,0,0,0,0,39,34,
1530844652,0,0,0,0,0,0,39,34,
1530844652,0,0,0,0,0,0,39,34,
1530844662,0,0,0,0,0,0,39,28,
1530844662,0,0,0,0,0,0,39,28,
1530844668,0,0,0,0,0,0,39,35,
1530844668,0,0,0,0,0,0,39,34,
1530844668,0,0,0,0,0,0,39,34,
1536066412,0,0,0,0,0,0,39,35,
1536066412,0,0,0,0,0,0,39,35,
1536066418,0,0,0,0,0,0,39,28,
1536066423,0,0,0,0,0,0,39,35,
1536066423,0,0,0,0,0,0,39,35,
1536066429,0,0,0,0,0,0,39,34,
1536066429,0,0,0,0,0,0,39,34,
1536066434,0,0,0,0,0,0,39,27,
1536066440,0,0,0,0,0,0,39,27,
1536066440,0,0,0,0,0,0,39,27,
1536066445,0,0,0,0,0,0,39,34,
1536066445,0,0,0,0,0,0,39,34,
1536066451,0,0,0,0,0,0,39,34,
1536066328,0,0,0,0,0,0,39,34,
1536066328,0,0,0,0,0,0,39,34,
1536066328,0,0,0,0,0,0,39,33,
1536066328,0,0,0,0,0,0,39,33,
1536066467,0,0,0,0,0,0,39,33,
1536066467,0,0,0,0,0,0,39,34,
1536066467,0,0,0,0,0,0,39,34,
1536066473,0,0,0,0,0,0,39,33,
1536066473,0,0,0,0,0,0,39,33,
1536066478,0,0,0,0,0,0,39,33,
1536066483,0,0,0,0,0,0,39,32,
1536066483,0,0,0,0,0,0,39,32,
1527645113,0,0,0,0,0,0,39,32,
1527645113,0,0,0,0,0,0,39,32,
1536066494,0,0,0,0,0,0,39,32,
1536066500,0,0,0,0,0,0,39,34,
1536066500,0,0,0,0,0,0,39,34,
1536066505,0,0,0,0,0,0,39,32,
1536066505,0,0,0,0,0,0,39,32,
1536066511,0,0,0,0,0,0,39,33,
1536066516,0,0,0,0,0,0,39,25,
1536066516,0,0,0,0,0,0,39,25,
1536066522,0,0,0,0,0,0,39,33,
1536066522,0,0,0,0,0,0,39,33,
1536066527,0,0,0,0,0,0,39,32,
1536066527,0,0,0,0,0,0,39,33,
1536066527,0,0,0,0,0,0,39,33,
1536066533,0,0,0,0,0,0,39,33,
1536066533,0,0,0,0,0,0,39,33,
1536066538,0,0,0,0,0,0,39,33,
1536066544,0,0,0,0,0,0,39,32,
1536066544,0,0,0,0,0,0,39,32,
1536066549,0,0,0,0,0,0,39,32,
1536066549,0,0,0,0,0,0,39,32,
1536066555,0,0,0,0,0,0,39,31,
1536066560,0,0,0,0,0,0,39,31,
1536066560,0,0,0,0,0,0,39,31,
1536066565,0,0,0,0,0,0,39,33,
1536066565,0,0,0,0,0,0,39,33,
1536066565,0,0,0,0,0,0,39,33,
1536066576,0,0,0,0,0,0,39,33,
1536066576,0,0,0,0,0,0,39,33,
1536066582,0,0,0,0,0,0,39,31,
1536066582,0,0,0,0,0,0,39,31,
1536066582,0,0,0,0,0,0,39,32,
1536066587,0,0,0,0,0,0,39,31,
1536066587,0,0,0,0,0,0,39,31,
1536066593,0,0,0,0,0,0,39,32,
1536066593,0,0,0,0,0,0,39,32,
1536066598,0,0,0,0,0,0,39,25,
1536066604,0,0,0,0,0,0,39,32,
1536066604,0,0,0,0,0,0,39,32,
1536066609,0,0,0,0,0,0,39,32,
1536066609,0,0,0,0,0,0,39,32,
1536066615,0,0,0,0,0,0,39,30,
1536066620,0,0,0,0,0,0,39,32,
1536066620,0,0,0,0,0,0,39,32,
1536066626,0,0,0,0,0,0,39,32,
1536066626,0,0,0,0,0,0,39,32,
1536066631,0,0,0,0,0,0,39,32,
1536066637,0,0,0,0,0,0,39,32,
1536066637,0,0,0,0,0,0,39,32,
1536066642,0,0,0,0,0,0,39,32,
1536066642,0,0,0,0,0,0,39,32,
1536066642,0,0,0,0,0,0,39,31,
1536066647,0,0,0,0,0,0,39,30,
1536066647,0,0,0,0,0,0,39,30,
1536066653,0,0,0,0,0,0,39,24,
1536066653,0,0,0,0,0,0,39,24,
1536066658,0,0,0,0,0,0,39,32,
1536066664,0,0,0,0,0,0,39,32,
1536066664,0,0,0,0,0,0,39,32,
1536066669,0,0,0,0,0,0,39,29,
1536066669,0,0,0,0,0,0,39,29,
1536066675,0,0,0,0,0,0,39,29,
1536066680,0,0,0,0,0,0,39,30,
1536066680,0,0,0,0,0,0,39,30,
1536066686,0,0,0,0,0,0,39,30,
1536066686,0,0,0,0,0,0,39,30,
1536066691,0,0,0,0,0,0,39,30,
1536066691,0,0,0,0,0,0,39,23,
1536066691,0,0,0,0,0,0,39,23,
1536066702,0,0,0,0,0,0,39,23,
1536066702,0,0,0,0,0,0,39,23,
1536066702,0,0,0,0,0,0,39,29,
1536066708,0,0,0,0,0,0,39,30,
1536066708,0,0,0,0,0,0,39,30,
1536066713,0,0,0,0,0,0,39,29,
1536066713,0,0,0,0,0,0,39,29,
1536066718,0,0,0,0,0,0,39,30,
1536066724,0,0,0,0,0,0,39,29,
1536066724,0,0,0,0,0,0,39,29,
1536066729,0,0,0,0,0,0,39,29,
1536066729,0,0,0,0,0,0,39,29,
1536066735,0,0,0,0,0,0,39,30,
1536066740,0,0,0,0,0,0,39,31,
1536066740,0,0,0,0,0,0,39,31,
1536066746,0,0,0,0,0,0,39,30,
1536066746,0,0,0,0,0,0,39,30,
1536066751,0,0,0,0,0,0,39,29,
1536066757,0,0,0,0,0,0,39,30,
1536066757,0,0,0,0,0,0,39,30,
1536066762,0,0,0,0,0,0,39,31,
1536066762,0,0,0,0,0,0,39,31,
1536066762,0,0,0,0,0,0,39,23,
1536066768,0,0,0,0,0,0,39,23,
1536066768,0,0,0,0,0,0,39,23,
1536066773,0,0,0,0,0,0,39,30,
1536066773,0,0,0,0,0,0,39,30,
1536066779,0,0,0,0,0,0,39,30,
1536066784,0,0,0,0,0,0,39,29,
1536066784,0,0,0,0,0,0,39,29,
1536066790,0,0,0,0,0,0,39,30,
1536066790,0,0,0,0,0,0,39,30,
1536066795,0,0,0,0,0,0,39,29,
1536066800,0,0,0,0,0,0,39,30,
1536066800,0,0,0,0,0,0,39,30,
1536066806,0,0,0,0,0,0,39,30,
1536066806,0,0,0,0,0,0,39,30,
1536066811,0,0,0,0,0,0,39,30,
1536066817,0,0,0,0,0,0,39,29,
1536066817,0,0,0,0,0,0,39,29,
1536066817,0,0,0,0,0,0,39,31,
1536066817,0,0,0,0,0,0,39,31,
1536066822,0,0,0,0,0,0,39,30,
1536066828,0,0,0,0,0,0,39,29,
1536066828,0,0,0,0,0,0,39,29,
1536066833,0,0,0,0,0,0,39,23,
1536066833,0,0,0,0,0,0,39,23,
1536066839,0,0,0,0,0,0,39,31,
1536066844,0,0,0,0,0,0,39,29,
1536066844,0,0,0,0,0,0,39,29,
1536066850,0,0,0,0,0,0,39,29,
1536066850,0,0,0,0,0,0,39,29,
1536066855,0,0,0,0,0,0,39,29,
1536066861,0,0,0,0,0,0,39,29,
1536066861,0,0,0,0,0,0,39,29,
1536066866,0,0,0,0,0,0,39,23,
1536066866,0,0,0,0,0,0,39,23,
1536066872,0,0,0,0,0,0,39,31,
1536066877,0,0,0,0,0,0,39,30,
1536066877,0,0,0,0,0,0,39,30,
1536066877,0,0,0,0,0,0,39,30,
1536066877,0,0,0,0,0,0,39,30,
1536066882,0,0,0,0,0,0,39,29,
1536066888,0,0,0,0,0,0,39,31,
1536066888,0,0,0,0,0,0,39,31,
1536066893,0,0,0,0,0,0,39,29,
1536066893,0,0,0,0,0,0,39,29,
1536066899,0,0,0,0,0,0,39,23,
1536066904,0,0,0,0,0,0,39,30,
1536066904,0,0,0,0,0,0,39,30,
1536066910,0,0,0,0,0,0,39,30,
1536066910,0,0,0,0,0,0,39,30,
1536066915,0,0,0,0,0,0,39,30,
1536066921,0,0,0,0,0,0,39,29,
1536066921,0,0,0,0,0,0,39,29,
1536066926,0,0,0,0,0,0,39,31,
1536066926,0,0,0,0,0,0,39,31,
1536066932,0,0,0,0,0,0,39,29,
1536066937,0,0,0,0,0,0,39,29,
1536066937,0,0,0,0,0,0,39,29,
1536066937,0,0,0,0,0,0,39,30,
1536066937,0,0,0,0,0,0,39,30,
1536066943,0,0,0,0,0,0,39,29,
1536066948,0,0,0,0,0,0,39,31,
1536066948,0,0,0,0,0,0,39,31,
1536066954,0,0,0,0,0,0,39,23,
1536066954,0,0,0,0,0,0,39,23,
1536034191,0,0,0,0,0,0,39,31,
1536066964,0,0,0,0,0,0,39,31,
1536066964,0,0,0,0,0,0,39,31,
1536066970,0,0,0,0,0,0,39,31,
1536066970,0,0,0,0,0,0,39,31,
1536066975,0,0,0,0,0,0,39,29,
1536066981,0,0,0,0,0,0,39,31,
1536066981,0,0,0,0,0,0,39,31,
1536066986,0,0,0,0,0,0,39,30,
1536066986,0,0,0,0,0,0,39,30,
1536066992,0,0,0,0,0,0,39,31,
1536066997,0,0,0,0,0,0,39,31,
1536066997,0,0,0,0,0,0,39,31,
1536066997,0,0,0,0,0,0,39,30,
1536066997,0,0,0,0,0,0,39,30,
1536067003,0,0,0,0,0,0,39,30,
1536067008,0,0,0,0,0,0,39,31,
1536067008,0,0,0,0,0,0,39,31,
1536067014,0,0,0,0,0,0,39,30,
1536067014,0,0,0,0,0,0,39,30,
1536067019,0,0,0,0,0,0,39,31,
1536067025,0,0,0,0,0,0,39,31,
1536067025,0,0,0,0,0,0,39,31,
1536067030,0,0,0,0,0,0,39,30,
1536067030,0,0,0,0,0,0,39,30,
1536067036,0,0,0,0,0,0,39,30,
1536067041,0,0,0,0,0,0,39,31,
1536067041,0,0,0,0,0,0,39,31,
1536067046,0,0,0,0,0,0,39,30,
1536067046,0,0,0,0,0,0,39,30,
1536067052,0,0,0,0,0,0,39,29,
1536067052,0,0,0,0,0,0,39,31,
1536067052,0,0,0,0,0,0,39,31,
1536067057,0,0,0,0,0,0,39,29,
1536067057,0,0,0,0,0,0,39,29,
1536067063,0,0,0,0,0,0,39,30,
1536067068,0,0,0,0,0,0,39,30,
1536067068,0,0,0,0,0,0,39,30,
1536067074,0,0,0,0,0,0,39,31,
1536067074,0,0,0,0,0,0,39,31,
1536067079,0,0,0,0,0,0,39,30,
1536067085,0,0,0,0,0,0,39,30,
1536067085,0,0,0,0,0,0,39,30,
1536067090,0,0,0,0,0,0,39,31,
1536067090,0,0,0,0,0,0,39,31,
1536067096,0,0,0,0,0,0,39,30,
1536067101,0,0,0,0,0,0,39,31,
1536067101,0,0,0,0,0,0,39,31,
1536067107,0,0,0,0,0,0,39,31,
1536067107,0,0,0,0,0,0,39,31,
1536067112,0,0,0,0,0,0,39,31,
1536067112,0,0,0,0,0,0,39,31,
1536067112,0,0,0,0,0,0,39,31,
1536067118,0,0,0,0,0,0,39,31,
1536067118,0,0,0,0,0,0,39,31,
1536067123,0,0,0,0,0,0,39,31,
1536067128,0,0,0,0,0,0,39,31,
1536067128,0,0,0,0,0,0,39,31,
1536067134,0,0,0,0,0,0,39,31,
1536067134,0,0,0,0,0,0,39,31,
1536067139,0,0,0,0,0,0,39,31,
1536067145,0,0,0,0,0,0,39,30,
1536067145,0,0,0,0,0,0,39,30,
1536067149,0,0,0,0,0,0,39,30,
1536067149,0,0,0,0,0,0,39,30,
1536067155,0,0,0,0,0,0,39,31,
1536067160,0,0,0,0,0,0,39,30,
1536067160,0,0,0,0,0,0,39,30,
1536067166,0,0,0,0,0,0,39,31,
1536067166,0,0,0,0,0,0,39,31,
1536067171,0,0,0,0,0,0,39,30,
1536067171,0,0,0,0,0,0,39,23,
1536067171,0,0,0,0,0,0,39,23,
1536067177,0,0,0,0,0,0,39,31,
1536067177,0,0,0,0,0,0,39,31,
1536067182,0,0,0,0,0,0,39,31,
1536067188,0,0,0,0,0,0,39,23,
1536067188,0,0,0,0,0,0,39,23,
1536067193,0,0,0,0,0,0,39,32,
1536067193,0,0,0,0,0,0,39,32,
1536067199,0,0,0,0,0,0,39,30,
1536067204,0,0,0,0,0,0,39,31,
1536067204,0,0,0,0,0,0,39,31,
1536067209,0,0,0,0,0,0,39,30,
1536067209,0,0,0,0,0,0,39,30,
1536067215,0,0,0,0,0,0,39,30,
1536067220,0,0,0,0,0,0,39,30,
1536067220,0,0,0,0,0,0,39,30,
1536067226,0,0,0,0,0,0,39,32,
1536067226,0,0,0,0,0,0,39,32,
1536067231,0,0,0,0,0,0,39,31,
1536067231,0,0,0,0,0,0,39,30,
1536067231,0,0,0,0,0,0,39,30,
1536067237,0,0,0,0,0,0,39,30,
1536067237,0,0,0,0,0,0,39,30,
1536067242,0,0,0,0,0,0,39,31,
1536067248,0,0,0,0,0,0,39,31,
1536067248,0,0,0,0,0,0,39,31,
1536067253,0,0,0,0,0,0,39,31,
1536067253,0,0,0,0,0,0,39,31,
1536067259,0,0,0,0,0,0,39,31,
1536067265,0,0,0,0,0,0,39,30,
1536067265,0,0,0,0,0,0,39,30,
1536067271,0,0,0,0,0,0,39,30,
1536067271,0,0,0,0,0,0,39,30,
1536067276,0,0,0,0,0,0,39,31,
1536067282,0,0,0,0,0,0,39,31,
1536067282,0,0,0,0,0,0,39,31,
1536067287,0,0,0,0,0,0,39,31,
1536067287,0,0,0,0,0,0,39,31,
1536067287,0,0,0,0,0,0,39,31,
1536067292,0,0,0,0,0,0,39,31,
1536067292,0,0,0,0,0,0,39,31,
1536067298,0,0,0,0,0,0,39,24,
1536067298,0,0,0,0,0,0,39,24,
1536067303,0,0,0,0,0,0,39,30,
1536067309,0,0,0,0,0,0,39,32,
1536067309,0,0,0,0,0,0,39,32,
1536067314,0,0,0,0,0,0,39,30,
1536067314,0,0,0,0,0,0,39,30,
1536067320,0,0,0,0,0,0,39,30,
1536067325,0,0,0,0,0,0,39,31,
1536067325,0,0,0,0,0,0,39,31,
1536067331,0,0,0,0,0,0,39,30,
1536067331,0,0,0,0,0,0,39,30,
1536067336,0,0,0,0,0,0,39,30,
1536067342,0,0,0,0,0,0,39,30,
1536067342,0,0,0,0,0,0,39,30,
1536067347,0,0,0,0,0,0,39,30,
1536067347,0,0,0,0,0,0,39,30,
1536067347,0,0,0,0,0,0,39,24,
1536067353,0,0,0,0,0,0,39,32,
1536067353,0,0,0,0,0,0,39,32,
1536067358,0,0,0,0,0,0,39,31,
1536067358,0,0,0,0,0,0,39,31,
1536067364,0,0,0,0,0,0,39,32,
1536067369,0,0,0,0,0,0,39,30,
1536067369,0,0,0,0,0,0,39,30,
1536067374,0,0,0,0,0,0,39,30,
1536067374,0,0,0,0,0,0,39,30,
1536067380,0,0,0,0,0,0,39,30,
1536067385,0,0,0,0,0,0,39,30,
1536067385,0,0,0,0,0,0,39,30,
1536067391,0,0,0,0,0,0,39,24,
1536067391,0,0,0,0,0,0,39,24,
1536067396,0,0,0,0,0,0,39,31,
1536067402,0,0,0,0,0,0,39,30,
1536067402,0,0,0,0,0,0,39,30,
1536067407,0,0,0,0,0,0,39,31,
1536067407,0,0,0,0,0,0,39,31,
1536067407,0,0,0,0,0,0,39,32,
1536067413,0,0,0,0,0,0,39,23,
1536067413,0,0,0,0,0,0,39,23,
1536067418,0,0,0,0,0,0,39,30,
1536067418,0,0,0,0,0,0,39,30,
1536067424,0,0,0,0,0,0,39,32,
1536067429,0,0,0,0,0,0,39,30,
1536067429,0,0,0,0,0,0,39,30,
1536067435,0,0,0,0,0,0,39,23,
1536067435,0,0,0,0,0,0,39,23,
1536067440,0,0,0,0,0,0,39,31,
1536067446,0,0,0,0,0,0,39,23,
1536067446,0,0,0,0,0,0,39,23,
1536067451,0,0,0,0,0,0,39,30,
1536067451,0,0,0,0,0,0,39,30,
1536067456,0,0,0,0,0,0,39,30,
1536067462,0,0,0,0,0,0,39,30,
1536067462,0,0,0,0,0,0,39,30,
1536067462,0,0,0,0,0,0,39,30,
1536067462,0,0,0,0,0,0,39,30,
1536067467,0,0,0,0,0,0,39,30,
1536067473,0,0,0,0,0,0,39,30,
1536067473,0,0,0,0,0,0,39,30,
1536067478,0,0,0,0,0,0,39,30,
1536067478,0,0,0,0,0,0,39,30,
1536067484,0,0,0,0,0,0,39,31,
1536067489,0,0,0,0,0,0,39,30,
1536067489,0,0,0,0,0,0,39,30,
1536067495,0,0,0,0,0,0,39,23,
1536067495,0,0,0,0,0,0,39,23,
1536067500,0,0,0,0,0,0,39,31,
1536067506,0,0,0,0,0,0,39,30,
1536067506,0,0,0,0,0,0,39,30,
1536067511,0,0,0,0,0,0,39,30,
1536067511,0,0,0,0,0,0,39,30,
1536067517,0,0,0,0,0,0,39,24,
1536067522,0,0,0,0,0,0,39,30,
1536067522,0,0,0,0,0,0,39,30,
1536067522,0,0,0,0,0,0,39,32,
1536067522,0,0,0,0,0,0,39,32,
1536067400,0,0,0,0,0,0,39,30,
1536067533,0,0,0,0,0,0,39,31,
1536067533,0,0,0,0,0,0,39,31,
1536067538,0,0,0,0,0,0,39,30,
1536067538,0,0,0,0,0,0,39,30,
1536067544,0,0,0,0,0,0,39,30,
1536067549,0,0,0,0,0,0,39,32,
1536067549,0,0,0,0,0,0,39,32,
1536067555,0,0,0,0,0,0,39,32,
1536067555,0,0,0,0,0,0,39,32,
1536067560,0,0,0,0,0,0,39,32,
1536067566,0,0,0,0,0,0,39,31,
1536067566,0,0,0,0,0,0,39,31,
1536067571,0,0,0,0,0,0,39,32,
1536067571,0,0,0,0,0,0,39,32,
1536067577,0,0,0,0,0,0,39,32,
1536067582,0,0,0,0,0,0,39,30,
1536067582,0,0,0,0,0,0,39,30,
1536067582,0,0,0,0,0,0,39,31,
1536067582,0,0,0,0,0,0,39,31,
1536067588,0,0,0,0,0,0,39,32,
1536067593,0,0,0,0,0,0,39,32,
1536067593,0,0,0,0,0,0,39,32,
1536067599,0,0,0,0,0,0,39,32,
1536067599,0,0,0,0,0,0,39,32,
1536067604,0,0,0,0,0,0,39,24,
1536067610,0,0,0,0,0,0,39,31,
1536067610,0,0,0,0,0,0,39,31,
1536067615,0,0,0,0,0,0,39,31,
1536067615,0,0,0,0,0,0,39,31,
1536067621,0,0,0,0,0,0,39,31,
1536067626,0,0,0,0,0,0,39,30,
1536067626,0,0,0,0,0,0,39,30,
1536067631,0,0,0,0,0,0,39,31,
1536067631,0,0,0,0,0,0,39,31,
1536067637,0,0,0,0,0,0,39,24,
1536067642,0,0,0,0,0,0,39,30,
1536067642,0,0,0,0,0,0,39,30,
1536067642,0,0,0,0,0,0,39,31,
1536067642,0,0,0,0,0,0,39,31,
1536067648,0,0,0,0,0,0,39,31,
1536067653,0,0,0,0,0,0,39,32,
1536067653,0,0,0,0,0,0,39,32,
1536067659,0,0,0,0,0,0,39,24,
1536067659,0,0,0,0,0,0,39,24,
1536067664,0,0,0,0,0,0,39,24,
1536067670,0,0,0,0,0,0,39,32,
1536067670,0,0,0,0,0,0,39,32,
1536067675,0,0,0,0,0,0,39,32,
1536067675,0,0,0,0,0,0,39,32,
1536067681,0,0,0,0,0,0,39,32,
1536067686,0,0,0,0,0,0,39,24,
1536067686,0,0,0,0,0,0,39,24,
1536067692,0,0,0,0,0,0,39,31,
1536067692,0,0,0,0,0,0,39,31,
1536067697,0,0,0,0,0,0,39,32,
1536067697,0,0,0,0,0,0,39,31,
1536067697,0,0,0,0,0,0,39,31,
1536067703,0,0,0,0,0,0,39,24,
1536067703,0,0,0,0,0,0,39,24,
1536067708,0,0,0,0,0,0,39,32,
1536067713,0,0,0,0,0,0,39,31,
1536067713,0,0,0,0,0,0,39,31,
