time recorded,serial commands received ,gps received,serial bad reads,serial connect faults,ada commands received,ada command faults,ada writes received,ada write faults,ada reads received,ada read faults,ada sd fault,ada connect fault,ada bme01 fault,ada bme02 fault,ada eng status msg,bbox commands received,bbx command faults,bbx writes received,bbox write faults,bbox reads received,bbox read faults,bbox sd fault,bbox connectionf ault,bbox eng status msg,ada commands,bbox commands,cam commands,arm commands,network commands
0,0,0,0,0,0,0,0,0,0,1,0,0,0,0,,0,0,0,0,0,1,0,0,,1,1,0,0,0,
1530844586,0,0,0,0,0,0,1,0,1,1,0,0,0,0,,0,0,1,0,1,1,0,0,,2,2,0,0,0,
1530844586,0,0,0,0,0,0,1,0,1,2,0,0,0,0,,0,0,1,0,1,2,0,0,,1,1,0,0,0,
1530844592,0,0,0,0,0,0,2,0,2,2,0,0,0,0,,0,0,2,0,2,2,0,0,,1,1,0,0,0,
1530844597,0,0,0,0,0,0,3,0,3,2,0,0,0,0,,0,0,3,0,3,2,0,0,,2,2,0,0,0,
1530844603,0,0,1,0,0,0,4,0,4,2,0,0,0,0,,0,0,4,0,4,2,0,0,,1,1,0,0,0,
1530844608,0,0,1,0,0,0,5,0,5,2,0,0,0,0,,0,0,5,0,5,2,0,0,,1,1,0,0,0,
1530844608,0,0,1,0,0,0,6,0,6,2,0,0,0,0,,0,0,6,0,6,2,0,0,,2,2,0,0,0,
1530844614,0,0,1,0,0,0,7,0,7,2,0,0,0,0,,0,0,7,0,7,2,0,0,,1,1,0,0,0,
1530844619,0,0,1,0,0,0,8,0,8,2,0,0,0,0,,0,0,8,0,8,2,0,0,,1,1,0,0,0,
1530844625,0,0,1,0,0,0,9,0,9,2,0,0,0,0,,0,0,9,0,9,2,0,0,,2,2,0,0,0,
1530844630,0,0,1,0,0,0,10,0,10,2,0,0,0,0,,0,0,10,0,10,2,0,0,,1,1,0,0,0,
1530844636,0,0,1,0,0,0,11,0,11,2,0,0,0,0,,0,0,11,0,11,2,0,0,,1,1,0,0,0,
1530844641,0,0,1,0,0,0,12,0,12,2,0,0,0,0,,0,0,12,0,12,2,0,0,,2,2,0,0,0,
1530844647,0,0,1,0,0,0,13,0,13,2,0,0,0,0,,0,0,13,0,13,2,0,0,,1,1,0,0,0,
1530844652,0,0,1,0,0,0,14,0,14,2,0,0,0,0,,0,0,14,0,14,2,0,0,,1,1,0,0,0,
1530844657,0,0,1,0,0,0,15,0,15,2,0,0,0,0,,0,0,15,0,15,2,0,0,,2,2,0,0,0,
1530844663,0,1,1,0,0,0,16,0,16,2,0,0,0,0,,0,0,16,0,16,2,0,0,,1,1,0,0,0,
1536052910,0,1,1,0,0,0,17,0,17,2,0,0,0,0,,0,0,17,0,17,2,0,0,,1,1,0,0,0,
1536052910,0,1,1,0,0,0,18,0,18,2,0,0,0,0,,0,0,18,0,18,2,0,0,,2,2,0,0,0,
1536052916,0,1,1,0,0,0,19,0,19,2,0,0,0,0,,0,0,19,0,19,2,0,0,,1,1,0,0,0,
1536052921,0,1,1,0,0,0,20,0,20,2,0,0,0,0,,0,0,20,0,20,2,0,0,,1,1,0,0,0,
1536052927,0,1,1,0,0,0,21,0,21,2,0,0,0,0,,0,0,21,0,21,2,0,0,,2,2,0,0,0,
1536052932,0,1,1,0,0,0,22,0,22,2,0,0,0,0,,0,0,22,0,22,2,0,0,,1,1,0,0,0,
1536052938,0,1,1,0,0,0,23,0,23,2,0,0,0,0,,0,0,23,0,23,2,0,0,,1,1,0,0,0,
1536052943,0,1,1,0,0,0,24,0,24,2,0,0,0,0,,0,0,24,0,24,2,0,0,,2,2,0,0,0,
1536052949,0,1,1,0,0,0,25,0,25,2,0,0,0,0,,0,0,25,0,25,2,0,0,,1,1,0,0,0,
1536052954,0,1,1,0,0,0,26,0,26,2,0,0,0,0,,0,0,26,0,26,2,0,0,,1,1,0,0,0,
1536052960,0,1,1,0,0,0,27,0,27,2,0,0,0,0,,0,0,27,0,27,2,0,0,,2,2,0,0,0,
1536052965,0,2,1,0,0,0,28,0,28,2,0,0,0,0,,0,0,28,0,28,2,0,0,,1,1,0,0,0,
1536052965,0,2,1,0,0,0,29,0,29,2,0,0,0,0,,0,0,29,0,29,2,0,0,,1,1,0,0,0,
1536052971,0,2,1,0,0,0,30,0,30,2,0,0,0,0,,0,0,30,0,30,2,0,0,,2,2,0,0,0,
1536052976,0,2,1,0,0,0,31,0,31,2,0,0,0,0,,0,0,31,0,31,2,0,0,,1,1,0,0,0,
1536052981,0,2,1,0,0,0,32,0,32,2,0,0,0,0,,0,0,32,0,32,2,0,0,,1,1,0,0,0,
1536052987,0,2,1,0,0,0,33,0,33,2,0,0,0,0,,0,0,33,0,33,2,0,0,,2,2,0,0,0,
1536052992,0,2,1,0,0,0,34,0,34,2,0,0,0,0,,0,0,34,0,34,2,0,0,,1,1,0,0,0,
1536052998,0,2,1,0,0,0,35,0,35,2,0,0,0,0,,0,0,35,0,35,2,0,0,,1,1,0,0,0,
1536053003,0,2,1,0,0,0,36,0,36,2,0,0,0,0,,0,0,36,0,36,2,0,0,,2,2,0,0,0,
1536053009,0,2,1,0,0,0,37,0,37,2,0,0,0,0,,0,0,37,0,37,2,0,0,,1,1,0,0,0,
1536053014,0,2,1,0,0,0,38,0,38,2,0,0,0,0,,0,0,38,0,38,2,0,0,,1,1,0,0,0,
1536053020,0,2,1,0,0,0,39,0,39,2,0,0,0,0,,0,0,39,0,39,2,0,0,,2,2,0,0,0,
1536053025,0,3,1,0,0,0,40,0,40,2,0,0,0,0,,0,0,40,0,40,2,0,0,,1,1,0,0,0,
1536053025,0,3,1,0,0,0,40,0,40,3,0,0,0,0,,0,0,41,0,41,2,0,0,,1,1,0,0,0,
1536053030,0,3,1,0,0,0,41,0,41,3,0,0,0,0,,0,0,42,0,42,2,0,0,,2,2,0,0,0,
1536053035,0,3,1,0,0,0,42,0,42,3,0,0,0,0,,0,0,43,0,43,2,0,0,,1,1,0,0,0,
1536053041,0,3,1,0,0,0,43,0,43,3,0,0,0,0,,0,0,44,0,44,2,0,0,,1,1,0,0,0,
1536053046,0,3,1,0,0,0,44,0,44,3,0,0,0,0,,0,0,45,0,45,2,0,0,,2,2,0,0,0,
1536053052,0,3,1,0,0,0,45,0,45,3,0,0,0,0,,0,0,46,0,46,2,0,0,,1,1,0,0,0,
1536053057,0,3,1,0,0,0,46,0,46,3,0,0,0,0,,0,0,47,0,47,2,0,0,,1,1,0,0,0,
1536053062,0,3,1,0,0,0,47,0,47,3,0,0,0,0,,0,0,48,0,48,2,0,0,,2,2,0,0,0,
1536053068,0,3,1,0,0,0,48,0,48,3,0,0,0,0,,0,0,49,0,49,2,0,0,,1,1,0,0,0,
1536053073,0,3,1,0,0,0,49,0,49,3,0,0,0,0,,0,0,50,0,50,2,0,0,,1,1,0,0,0,
1536053079,0,3,1,0,0,0,50,0,50,3,0,0,0,0,,0,0,51,0,51,2,0,0,,2,2,0,0,0,
1536053084,0,4,1,0,0,0,51,0,51,3,0,0,0,0,,0,0,52,0,52,2,0,0,,1,1,0,0,0,
1536053084,0,4,1,0,0,0,52,0,52,3,0,0,0,0,,0,0,53,0,53,2,0,0,,1,1,0,0,0,
1536053090,0,4,1,0,0,0,53,0,53,3,0,0,0,0,,0,0,54,0,54,2,0,0,,2,2,0,0,0,
1536053095,0,4,1,0,0,0,54,0,54,3,0,0,0,0,,0,0,55,0,55,2,0,0,,1,1,0,0,0,
1536053101,0,4,1,0,0,0,55,0,55,3,0,0,0,0,,0,0,56,0,56,2,0,0,,1,1,0,0,0,
1536053106,0,4,1,0,0,0,56,0,56,3,0,0,0,0,,0,0,57,0,57,2,0,0,,2,2,0,0,0,
1536053112,0,4,1,0,0,0,57,0,57,3,0,0,0,0,,0,0,58,0,58,2,0,0,,1,1,0,0,0,
1536053117,0,4,1,0,0,0,58,0,58,3,0,0,0,0,,0,0,59,0,59,2,0,0,,1,1,0,0,0,
1536053123,0,4,1,0,0,0,59,0,59,3,0,0,0,0,,0,0,60,0,60,2,0,0,,2,2,0,0,0,
1536053128,0,4,1,0,0,0,60,0,60,3,0,0,0,0,,0,0,61,0,61,2,0,0,,1,1,0,0,0,
1536053134,0,4,1,0,0,0,61,0,61,3,0,0,0,0,,0,0,62,0,62,2,0,0,,1,1,0,0,0,
1536053139,0,4,1,0,0,0,62,0,62,3,0,0,0,0,,0,0,63,0,63,2,0,0,,2,2,0,0,0,
1536053144,0,5,1,0,0,0,63,0,63,3,0,0,0,0,,0,0,64,0,64,2,0,0,,1,1,0,0,0,
1536053144,0,5,1,0,0,0,64,0,64,3,0,0,0,0,,0,0,65,0,65,2,0,0,,1,1,0,0,0,
1536053150,0,5,1,0,0,0,65,0,65,3,0,0,0,0,,0,0,66,0,66,2,0,0,,2,2,0,0,0,
1536053155,0,5,1,0,0,0,66,0,66,3,0,0,0,0,,0,0,67,0,67,2,0,0,,1,1,0,0,0,
1536053161,0,5,1,0,0,0,67,0,67,3,0,0,0,0,,0,0,68,0,68,2,0,0,,1,1,0,0,0,
1536053166,0,5,1,0,0,0,68,0,68,3,0,0,0,0,,0,0,69,0,69,2,0,0,,2,2,0,0,0,
1536053172,0,5,1,0,0,0,69,0,69,3,0,0,0,0,,0,0,70,0,70,2,0,0,,1,1,0,0,0,
1536053177,0,5,1,0,0,0,70,0,70,3,0,0,0,0,,0,0,71,0,71,2,0,0,,1,1,0,0,0,
1536053183,0,5,1,0,0,0,71,0,71,3,0,0,0,0,,0,0,72,0,72,2,0,0,,2,2,0,0,0,
1536053188,0,5,1,0,0,0,72,0,72,3,0,0,0,0,,0,0,73,0,73,2,0,0,,1,1,0,0,0,
1536053194,0,5,1,0,0,0,73,0,73,3,0,0,0,0,,0,0,74,0,74,2,0,0,,1,1,0,0,0,
1536053199,0,5,1,0,0,0,74,0,74,3,0,0,0,0,,0,0,75,0,75,2,0,0,,2,2,0,0,0,
1536053199,0,6,1,0,0,0,74,0,74,4,0,0,0,0,,0,0,76,0,76,2,0,0,,1,1,0,0,0,
1536053205,0,6,1,0,0,0,75,0,75,4,0,0,0,0,,0,0,77,0,77,2,0,0,,1,1,0,0,0,
1536053205,0,6,1,0,0,0,76,0,76,4,0,0,0,0,,0,0,78,0,78,2,0,0,,2,2,0,0,0,
1536053211,0,6,1,0,0,0,77,0,77,4,0,0,0,0,,0,0,79,0,79,2,0,0,,1,1,0,0,0,
1536053216,0,6,1,0,0,0,78,0,78,4,0,0,0,0,,0,0,80,0,80,2,0,0,,1,1,0,0,0,
1536053221,0,6,1,0,0,0,79,0,79,4,0,0,0,0,,0,0,81,0,81,2,0,0,,2,2,0,0,0,
1536053227,0,6,1,0,0,0,80,0,80,4,0,0,0,0,,0,0,82,0,82,2,0,0,,1,1,0,0,0,
1536053232,0,6,1,0,0,0,81,0,81,4,0,0,0,0,,0,0,83,0,83,2,0,0,,1,1,0,0,0,
1536053238,0,6,1,0,0,0,82,0,82,4,0,0,0,0,,0,0,84,0,84,2,0,0,,2,2,0,0,0,
1536053243,0,6,1,0,0,0,83,0,83,4,0,0,0,0,,0,0,85,0,85,2,0,0,,1,1,0,0,0,
1536053249,0,6,1,0,0,0,84,0,84,4,0,0,0,0,,0,0,86,0,86,2,0,0,,1,1,0,0,0,
1536053254,0,6,1,0,0,0,85,0,85,4,0,0,0,0,,0,0,87,0,87,2,0,0,,2,2,0,0,0,
1536053254,0,7,1,0,0,0,86,0,86,4,0,0,0,0,,0,0,88,0,88,2,0,0,,1,1,0,0,0,
1536053265,0,7,1,0,0,0,87,0,87,4,0,0,0,0,,0,0,89,0,89,2,0,0,,1,1,0,0,0,
1536053270,0,7,1,0,0,0,88,0,88,4,0,0,0,0,,0,0,90,0,90,2,0,0,,2,2,0,0,0,
1536053276,0,7,1,0,0,0,89,0,89,4,0,0,0,0,,0,0,91,0,91,2,0,0,,1,1,0,0,0,
1536053281,0,7,1,0,0,0,90,0,90,4,0,0,0,0,,0,0,92,0,92,2,0,0,,1,1,0,0,0,
1536053287,0,7,1,0,0,0,91,0,91,4,0,0,0,0,,0,0,93,0,93,2,0,0,,2,2,0,0,0,
1536053292,0,7,1,0,0,0,92,0,92,4,0,0,0,0,,0,0,94,0,94,2,0,0,,1,1,0,0,0,
1536053298,0,7,1,0,0,0,93,0,93,4,0,0,0,0,,0,0,95,0,95,2,0,0,,1,1,0,0,0,
1536053303,0,7,1,0,0,0,94,0,94,4,0,0,0,0,,0,0,96,0,96,2,0,0,,2,2,0,0,0,
1536053308,0,7,1,0,0,0,95,0,95,4,0,0,0,0,,0,0,97,0,97,2,0,0,,1,1,0,0,0,
1536053314,0,7,1,0,0,0,96,0,96,4,0,0,0,0,,0,0,98,0,98,2,0,0,,1,1,0,0,0,
1536053319,0,7,1,0,0,0,97,0,97,4,0,0,0,0,,0,0,99,0,99,2,0,0,,2,2,0,0,0,
1536053319,0,8,1,0,0,0,98,0,98,4,0,0,0,0,,0,0,100,0,100,2,0,0,,1,1,0,0,0,
1536053325,0,8,1,0,0,0,99,0,99,4,0,0,0,0,,0,0,101,0,101,2,0,0,,1,1,0,0,0,
1536053330,0,8,1,0,0,0,100,0,100,4,0,0,0,0,,0,0,102,0,102,2,0,0,,2,2,0,0,0,
1536053336,0,8,1,0,0,0,101,0,101,4,0,0,0,0,,0,0,103,0,103,2,0,0,,1,1,0,0,0,
1536053341,0,8,1,0,0,0,102,0,102,4,0,0,0,0,,0,0,104,0,104,2,0,0,,1,1,0,0,0,
1536053347,0,8,1,0,0,0,103,0,103,4,0,0,0,0,,0,0,105,0,105,2,0,0,,2,2,0,0,0,
1536053352,0,8,1,0,0,0,104,0,104,4,0,0,0,0,,0,0,106,0,106,2,0,0,,1,1,0,0,0,
1536053358,0,8,1,0,0,0,105,0,105,4,0,0,0,0,,0,0,107,0,107,2,0,0,,1,1,0,0,0,
0,0,0,0,0,0,0,0,0,0,1,0,0,0,0,,0,0,0,0,0,1,0,0,,1,1,0,0,0,
1530844586,0,0,0,0,0,0,1,0,1,1,0,0,0,0,,0,0,1,0,1,1,0,0,,1,1,0,0,0,
1530844586,0,0,0,0,0,0,1,0,1,2,0,0,0,0,,0,0,1,0,1,2,0,0,,1,1,0,0,0,
1530844592,0,0,0,0,0,0,2,0,2,2,0,0,0,0,,0,0,2,0,2,2,0,0,,2,2,0,0,0,
1530844597,0,0,0,0,0,0,3,0,3,2,0,0,0,0,,0,0,3,0,3,2,0,0,,1,1,0,0,0,
1530844603,0,0,1,0,0,0,4,0,4,2,0,0,0,0,,0,0,4,0,4,2,0,0,,1,1,0,0,0,
1530844603,0,0,1,0,0,0,4,0,4,3,0,0,0,0,,0,0,5,0,5,2,0,0,,2,2,0,0,0,
1530844608,0,0,1,0,0,0,5,0,5,3,0,0,0,0,,0,0,6,0,6,2,0,0,,1,1,0,0,0,
1530844614,0,0,1,0,0,0,6,0,6,3,0,0,0,0,,0,0,7,0,7,2,0,0,,1,1,0,0,0,
1530844619,0,0,1,0,0,0,7,0,7,3,0,0,0,0,,0,0,8,0,8,2,0,0,,2,2,0,0,0,
1530844625,0,0,1,0,0,0,8,0,8,3,0,0,0,0,,0,0,9,0,9,2,0,0,,1,1,0,0,0,
1530844630,0,0,1,0,0,0,9,0,9,3,0,0,0,0,,0,0,10,0,10,2,0,0,,1,1,0,0,0,
1530844636,0,0,1,0,0,0,10,0,10,3,0,0,0,0,,0,0,11,0,11,2,0,0,,2,2,0,0,0,
1530844641,0,0,1,0,0,0,11,0,11,3,0,0,0,0,,0,0,12,0,12,2,0,0,,1,1,0,0,0,
1530844647,0,0,1,0,0,0,12,0,12,3,0,0,0,0,,0,0,13,0,13,2,0,0,,1,1,0,0,0,
1530844647,0,0,1,0,0,0,12,0,12,4,0,0,0,0,,0,0,14,0,14,2,0,0,,2,2,0,0,0,
1530844657,0,0,1,0,0,0,13,0,13,4,0,0,0,0,,0,0,15,0,15,2,0,0,,1,1,0,0,0,
1530844663,0,1,1,0,0,0,14,0,14,4,0,0,0,0,,0,0,16,0,16,2,0,0,,1,1,0,0,0,
1530844663,0,1,1,0,0,0,14,0,14,5,0,0,0,0,,0,0,17,0,17,2,0,0,,2,2,0,0,0,
1536066407,0,1,1,0,0,0,15,0,15,5,0,0,0,0,,0,0,18,0,18,2,0,0,,1,1,0,0,0,
1536066413,0,1,1,0,0,0,16,0,16,5,0,0,0,0,,0,0,19,0,19,2,0,0,,1,1,0,0,0,
1536066418,0,1,1,0,0,0,17,0,17,5,0,0,0,0,,0,0,20,0,20,2,0,0,,2,2,0,0,0,
1536066424,0,1,1,0,0,0,18,0,18,5,0,0,0,0,,0,0,21,0,21,2,0,0,,1,1,0,0,0,
1536066429,0,1,1,0,0,0,19,0,19,5,0,0,0,0,,0,0,22,0,22,2,0,0,,1,1,0,0,0,
1536066435,0,1,1,0,0,0,20,0,20,5,0,0,0,0,,0,0,23,0,23,2,0,0,,2,2,0,0,0,
1536066440,0,1,1,0,0,0,21,0,21,5,0,0,0,0,,0,0,24,0,24,2,0,0,,1,1,0,0,0,
1536066446,0,1,1,0,0,0,22,0,22,5,0,0,0,0,,0,0,25,0,25,2,0,0,,1,1,0,0,0,
1536066323,0,1,1,0,0,0,23,0,23,5,0,0,0,0,,0,0,26,0,26,2,0,0,,2,2,0,0,0,
1536066323,0,1,1,0,0,0,23,0,23,6,0,0,0,0,,0,0,27,0,27,2,0,0,,1,1,0,0,0,
1536066462,0,2,1,0,0,0,24,0,24,6,0,0,0,0,,0,0,28,0,28,2,0,0,,1,1,0,0,0,
1536066462,0,2,1,0,0,0,25,0,25,6,0,0,0,0,,0,0,29,0,29,2,0,0,,2,2,0,0,0,
1536066468,0,2,1,0,0,0,26,0,26,6,0,0,0,0,,0,0,30,0,30,2,0,0,,1,1,0,0,0,
1536066473,0,2,1,0,0,0,27,0,27,6,0,0,0,0,,0,0,31,0,31,2,0,0,,1,1,0,0,0,
1536066478,0,2,1,0,0,0,28,0,28,6,0,0,0,0,,0,0,32,0,32,2,0,0,,2,2,0,0,0,
1527645108,0,2,1,0,0,0,29,0,29,6,0,0,1,0,,0,0,33,0,33,2,0,0,,1,1,0,0,0,
1536066489,0,2,1,0,0,0,30,0,30,6,0,0,1,0,,0,0,34,0,34,2,0,0,,1,1,0,0,0,
1536066495,0,2,1,0,0,0,31,0,31,6,0,0,1,0,,0,0,35,0,35,2,0,0,,2,2,0,0,0,
1536066500,0,2,1,0,0,0,32,0,32,6,0,0,1,0,,0,0,36,0,36,2,0,0,,1,1,0,0,0,
1536066506,0,2,1,0,0,0,33,0,33,6,0,0,1,0,,0,0,37,0,37,2,0,0,,1,1,0,0,0,
1536066511,0,2,1,0,0,0,34,0,34,6,0,0,1,0,,0,0,38,0,38,2,0,0,,2,2,0,0,0,
1536066517,0,2,1,0,0,0,35,0,35,6,0,0,1,0,,0,0,39,0,39,2,0,0,,1,1,0,0,0,
1536066522,0,3,1,0,0,0,36,0,36,6,0,0,1,0,,0,0,40,0,40,2,0,0,,1,1,0,0,0,
1536066522,0,3,1,0,0,0,37,0,37,6,0,0,1,0,,0,0,41,0,41,2,0,0,,2,2,0,0,0,
1536066528,0,3,1,0,0,0,38,0,38,6,0,0,1,0,,0,0,42,0,42,2,0,0,,1,1,0,0,0,
1536066533,0,3,1,0,0,0,39,0,39,6,0,0,1,0,,0,0,43,0,43,2,0,0,,1,1,0,0,0,
1536066539,0,3,1,0,0,0,40,0,40,6,0,0,1,0,,0,0,44,0,44,2,0,0,,2,2,0,0,0,
1536066544,0,3,1,0,0,0,41,0,41,6,0,0,1,0,,0,0,45,0,45,2,0,0,,1,1,0,0,0,
1536066550,0,3,1,0,0,0,42,0,42,6,0,0,1,0,,0,0,46,0,46,2,0,0,,1,1,0,0,0,
1536066555,0,3,1,0,0,0,43,0,43,6,0,0,1,0,,0,0,47,0,47,2,0,0,,2,2,0,0,0,
1536066560,0,3,1,0,0,0,44,0,44,6,0,0,1,0,,0,0,48,0,48,2,0,0,,1,1,0,0,0,
1536066560,0,3,1,0,0,0,44,0,44,7,0,0,1,0,,0,0,49,0,49,2,0,0,,1,1,0,0,0,
1536066571,0,3,1,0,0,0,45,0,45,7,0,0,1,0,,0,0,50,0,50,2,0,0,,2,2,0,0,0,
1536066577,0,3,1,0,0,0,46,0,46,7,0,0,1,0,,0,0,51,0,51,2,0,0,,1,1,0,0,0,
1536066577,0,4,1,0,0,0,47,0,47,7,0,0,1,0,,0,0,52,0,52,2,0,0,,1,1,0,0,0,
1536066582,0,4,1,0,0,0,48,0,48,7,0,0,1,0,,0,0,53,0,53,2,0,0,,2,2,0,0,0,
1536066588,0,4,1,0,0,0,49,0,49,7,0,0,1,0,,0,0,54,0,54,2,0,0,,1,1,0,0,0,
1536066593,0,4,1,0,0,0,50,0,50,7,0,0,1,0,,0,0,55,0,55,2,0,0,,1,1,0,0,0,
1536066599,0,4,1,0,0,0,51,0,51,7,0,0,1,0,,0,0,56,0,56,2,0,0,,2,2,0,0,0,
1536066604,0,4,1,0,0,0,52,0,52,7,0,0,1,0,,0,0,57,0,57,2,0,0,,1,1,0,0,0,
1536066610,0,4,1,0,0,0,53,0,53,7,0,0,1,0,,0,0,58,0,58,2,0,0,,1,1,0,0,0,
1536066615,0,4,1,0,0,0,54,0,54,7,0,0,1,0,,0,0,59,0,59,2,0,0,,2,2,0,0,0,
1536066621,0,4,1,0,0,0,55,0,55,7,0,0,1,0,,0,0,60,0,60,2,0,0,,1,1,0,0,0,
1536066626,0,4,1,0,0,0,56,0,56,7,0,0,1,0,,0,0,61,0,61,2,0,0,,1,1,0,0,0,
1536066632,0,4,1,0,0,0,57,0,57,7,0,0,1,0,,0,0,62,0,62,2,0,0,,2,2,0,0,0,
1536066637,0,4,1,0,0,0,58,0,58,7,0,0,1,0,,0,0,63,0,63,2,0,0,,1,1,0,0,0,
1536066637,0,5,1,0,0,0,59,0,59,7,0,0,1,0,,0,0,64,0,64,2,0,0,,1,1,0,0,0,
1536066642,0,5,1,0,0,0,60,0,60,7,0,0,1,0,,0,0,65,0,65,2,0,0,,2,2,0,0,0,
1536066648,0,5,1,0,0,0,61,0,61,7,0,0,1,0,,0,0,66,0,66,2,0,0,,1,1,0,0,0,
1536066653,0,5,1,0,0,0,62,0,62,7,0,0,1,0,,0,0,67,0,67,2,0,0,,1,1,0,0,0,
1536066659,0,5,1,0,0,0,63,0,63,7,0,0,1,0,,0,0,68,0,68,2,0,0,,2,2,0,0,0,
1536066664,0,5,1,0,0,0,64,0,64,7,0,0,1,0,,0,0,69,0,69,2,0,0,,1,1,0,0,0,
1536066670,0,5,1,0,0,0,65,0,65,7,0,0,1,0,,0,0,70,0,70,2,0,0,,1,1,0,0,0,
1536066675,0,5,1,0,0,0,66,0,66,7,0,0,1,0,,0,0,71,0,71,2,0,0,,2,2,0,0,0,
1536066681,0,5,1,0,0,0,67,0,67,7,0,0,1,0,,0,0,72,0,72,2,0,0,,1,1,0,0,0,
1536066686,0,5,1,0,0,0,68,0,68,7,0,0,1,0,,0,0,73,0,73,2,0,0,,1,1,0,0,0,
1536066686,0,5,1,0,0,0,68,0,68,8,0,0,1,0,,0,0,74,0,74,2,0,0,,2,2,0,0,0,
1536066697,0,5,1,0,0,0,69,0,69,8,0,0,1,0,,0,0,75,0,75,2,0,0,,1,1,0,0,0,
1536066697,0,6,1,0,0,0,70,0,70,8,0,0,1,0,,0,0,76,0,76,2,0,0,,1,1,0,0,0,
1536066703,0,6,1,0,0,0,71,0,71,8,0,0,1,0,,0,0,77,0,77,2,0,0,,2,2,0,0,0,
1536066708,0,6,1,0,0,0,72,0,72,8,0,0,1,0,,0,0,78,0,78,2,0,0,,1,1,0,0,0,
1536066713,0,6,1,0,0,0,73,0,73,8,0,0,1,0,,0,0,79,0,79,2,0,0,,1,1,0,0,0,
1536066719,0,6,1,0,0,0,74,0,74,8,0,0,1,0,,0,0,80,0,80,2,0,0,,2,2,0,0,0,
1536066724,0,6,1,0,0,0,75,0,75,8,0,0,1,0,,0,0,81,0,81,2,0,0,,1,1,0,0,0,
1536066730,0,6,1,0,0,0,76,0,76,8,0,0,1,0,,0,0,82,0,82,2,0,0,,1,1,0,0,0,
1536066735,0,6,1,0,0,0,77,0,77,8,0,0,1,0,,0,0,83,0,83,2,0,0,,2,2,0,0,0,
1536066741,0,6,1,0,0,0,78,0,78,8,0,0,1,0,,0,0,84,0,84,2,0,0,,1,1,0,0,0,
1536066746,0,6,1,0,0,0,79,0,79,8,0,0,1,0,,0,0,85,0,85,2,0,0,,1,1,0,0,0,
1536066752,0,6,1,0,0,0,80,0,80,8,0,0,1,0,,0,0,86,0,86,2,0,0,,2,2,0,0,0,
1536066757,0,6,1,0,0,0,81,0,81,8,0,0,1,0,,0,0,87,0,87,2,0,0,,1,1,0,0,0,
1536066757,0,7,1,0,0,0,82,0,82,8,0,0,1,0,,0,0,88,0,88,2,0,0,,1,1,0,0,0,
1536066763,0,7,1,0,0,0,83,0,83,8,0,0,1,0,,0,0,89,0,89,2,0,0,,2,2,0,0,0,
1536066768,0,7,1,0,0,0,84,0,84,8,0,0,1,0,,0,0,90,0,90,2,0,0,,1,1,0,0,0,
1536066774,0,7,1,0,0,0,85,0,85,8,0,0,1,0,,0,0,91,0,91,2,0,0,,1,1,0,0,0,
1536066779,0,7,1,0,0,0,86,0,86,8,0,0,1,0,,0,0,92,0,92,2,0,0,,2,2,0,0,0,
1536066785,0,7,1,0,0,0,87,0,87,8,0,0,1,0,,0,0,93,0,93,2,0,0,,1,1,0,0,0,
1536066790,0,7,1,0,0,0,88,0,88,8,0,0,1,0,,0,0,94,0,94,2,0,0,,1,1,0,0,0,
1536066795,0,7,1,0,0,0,89,0,89,8,0,0,1,0,,0,0,95,0,95,2,0,0,,2,2,0,0,0,
1536066801,0,7,1,0,0,0,90,0,90,8,0,0,1,1,,0,0,96,0,96,2,0,0,,1,1,0,0,0,
1536066806,0,7,1,0,0,0,91,0,91,8,0,0,1,1,,0,0,97,0,97,2,0,0,,1,1,0,0,0,
1536066812,0,7,1,0,0,0,92,0,92,8,0,0,1,1,,0,0,98,0,98,2,0,0,,2,2,0,0,0,
1536066812,0,7,1,0,0,0,93,0,93,8,0,0,1,1,,0,0,99,0,99,2,0,0,,1,1,0,0,0,
1536066817,0,8,1,0,0,0,94,0,94,8,0,0,1,1,,0,0,100,0,100,2,0,0,,1,1,0,0,0,
1536066823,0,8,1,0,0,0,95,0,95,8,0,0,1,1,,0,0,101,0,101,2,0,0,,2,2,0,0,0,
1536066828,0,8,1,0,0,0,96,0,96,8,0,0,1,1,,0,0,102,0,102,2,0,0,,1,1,0,0,0,
1536066834,0,8,1,0,0,0,97,0,97,8,0,0,1,1,,0,0,103,0,103,2,0,0,,1,1,0,0,0,
1536066839,0,8,1,0,0,0,98,0,98,8,0,0,1,1,,0,0,104,0,104,2,0,0,,2,2,0,0,0,
1536066845,0,8,1,0,0,0,99,0,99,8,0,0,1,1,,0,0,105,0,105,2,0,0,,1,1,0,0,0,
1536066850,0,8,1,0,0,0,100,0,100,8,0,0,1,1,,0,0,106,0,106,2,0,0,,1,1,0,0,0,
1536066856,0,8,1,0,0,0,101,0,101,8,0,0,1,1,,0,0,107,0,107,2,0,0,,2,2,0,0,0,
1536066861,0,8,1,0,0,0,102,0,102,8,0,0,1,1,,0,0,108,0,108,2,0,0,,1,1,0,0,0,
1536066867,0,8,1,0,0,0,103,0,103,8,0,0,1,1,,0,0,109,0,109,2,0,0,,1,1,0,0,0,
1536066872,0,8,1,0,0,0,104,0,104,8,0,0,1,1,,0,0,110,0,110,2,0,0,,2,2,0,0,0,
1536066872,0,8,1,0,0,0,104,0,104,9,0,0,1,1,,0,0,111,0,111,2,0,0,,1,1,0,0,0,
1536066877,0,9,1,0,0,0,105,0,105,9,0,0,1,1,,0,0,112,0,112,2,0,0,,1,1,0,0,0,
1536066883,0,9,1,0,0,0,106,0,106,9,0,0,1,1,,0,0,113,0,113,2,0,0,,2,2,0,0,0,
1536066888,0,9,1,0,0,0,107,0,107,9,0,0,1,1,,0,0,114,0,114,2,0,0,,1,1,0,0,0,
1536066894,0,9,1,0,0,0,108,0,108,9,0,0,1,1,,0,0,115,0,115,2,0,0,,1,1,0,0,0,
1536066899,0,9,1,0,0,0,109,0,109,9,0,0,1,1,,0,0,116,0,116,2,0,0,,2,2,0,0,0,
1536066905,0,9,1,0,0,0,110,0,110,9,0,0,1,1,,0,0,117,0,117,2,0,0,,1,1,0,0,0,
1536066910,0,9,1,0,0,0,111,0,111,9,0,0,1,1,,0,0,118,0,118,2,0,0,,1,1,0,0,0,
1536066916,0,9,1,0,0,0,112,0,112,9,0,0,1,1,,0,0,119,0,119,2,0,0,,2,2,0,0,0,
1536066921,0,9,1,0,0,0,113,0,113,9,0,0,1,1,,0,0,120,0,120,2,0,0,,1,1,0,0,0,
1536066927,0,9,1,0,0,0,114,0,114,9,0,0,1,1,,0,0,121,0,121,2,0,0,,1,1,0,0,0,
1536066932,0,9,1,0,0,0,115,0,115,9,0,0,1,1,,0,0,122,0,122,2,0,0,,2,2,0,0,0,
1536066932,0,9,1,0,0,0,116,0,116,9,0,0,1,1,,0,0,123,0,123,2,0,0,,1,1,0,0,0,
1536066938,0,10,1,0,0,0,117,0,117,9,0,0,1,1,,0,0,124,0,124,2,0,0,,1,1,0,0,0,
1536066943,0,10,1,0,0,0,118,0,118,9,0,0,1,1,,0,0,125,0,125,2,0,0,,2,2,0,0,0,
1536066949,0,10,1,0,0,0,119,0,119,9,0,0,1,1,,0,0,126,0,126,2,0,0,,1,1,0,0,0,
1536034186,0,10,1,0,0,0,120,0,120,9,0,0,1,1,,0,0,127,0,127,2,0,0,,1,1,0,0,0,
1536066959,0,10,1,0,0,0,121,0,121,9,0,0,1,1,,0,0,128,0,128,2,0,0,,2,2,0,0,0,
1536066965,0,10,1,0,0,0,122,0,122,9,0,0,1,1,,0,0,129,0,129,2,0,0,,1,1,0,0,0,
1536066970,0,10,1,0,0,0,123,0,123,9,0,0,1,1,,0,0,130,0,130,2,0,0,,1,1,0,0,0,
1536066976,0,10,1,0,0,0,124,0,124,9,0,0,1,1,,0,0,131,0,131,2,0,0,,2,2,0,0,0,
1536066981,0,10,1,0,0,0,125,0,125,9,0,0,1,1,,0,0,132,0,132,2,0,0,,1,1,0,0,0,
1536066987,0,10,1,0,0,0,126,0,126,9,0,0,1,1,,0,0,133,0,133,2,0,0,,1,1,0,0,0,
1536066992,0,10,1,0,0,0,127,0,127,9,0,0,1,1,,0,0,134,0,134,2,0,0,,2,2,0,0,0,
1536066992,0,10,1,0,0,0,128,0,128,9,0,0,1,1,,0,0,135,0,135,2,0,0,,1,1,0,0,0,
1536066998,0,11,1,0,0,0,129,0,129,9,0,0,1,1,,0,0,136,0,136,2,0,0,,1,1,0,0,0,
1536067003,0,11,1,0,0,0,130,0,130,9,0,0,1,1,,0,0,137,0,137,2,0,0,,2,2,0,0,0,
1536067009,0,11,1,0,0,0,131,0,131,9,0,0,1,1,,0,0,138,0,138,2,0,0,,1,1,0,0,0,
1536067014,0,11,1,0,0,0,132,0,132,9,0,0,1,1,,0,0,139,0,139,2,0,0,,1,1,0,0,0,
1536067020,0,11,1,0,0,0,133,0,133,9,0,0,1,1,,0,0,140,0,140,2,0,0,,2,2,0,0,0,
1536067025,0,11,1,0,0,0,134,0,134,9,0,0,1,1,,0,0,141,0,141,2,0,0,,1,1,0,0,0,
1536067031,0,11,1,0,0,0,135,0,135,9,0,0,1,1,,0,0,142,0,142,2,0,0,,1,1,0,0,0,
1536067036,0,11,1,0,0,0,136,0,136,9,0,0,1,1,,0,0,143,0,143,2,0,0,,2,2,0,0,0,
1536067041,0,11,1,0,0,0,137,0,137,9,0,0,1,1,,0,0,144,0,144,2,0,0,,1,1,0,0,0,
1536067047,0,11,1,0,0,0,138,0,138,9,0,0,1,1,,0,0,145,0,145,2,0,0,,1,1,0,0,0,
1536067047,0,11,1,0,0,0,138,0,138,10,0,0,1,1,,0,0,146,0,146,2,0,0,,2,2,0,0,0,
1536067052,0,11,1,0,0,0,139,0,139,10,0,0,1,1,,0,0,147,0,147,2,0,0,,1,1,0,0,0,
1536067058,0,12,1,0,0,0,140,0,140,10,0,0,1,1,,0,0,148,0,148,2,0,0,,1,1,0,0,0,
1536067063,0,12,1,0,0,0,141,0,141,10,0,0,1,1,,0,0,149,0,149,2,0,0,,2,2,0,0,0,
1536067069,0,12,1,0,0,0,142,0,142,10,0,0,1,1,,0,0,150,0,150,2,0,0,,1,1,0,0,0,
1536067074,0,12,1,0,0,0,143,0,143,10,0,0,1,1,,0,0,151,0,151,2,0,0,,1,1,0,0,0,
1536067080,0,12,1,0,0,0,144,0,144,10,0,0,1,1,,0,0,152,0,152,2,0,0,,2,2,0,0,0,
1536067085,0,12,1,0,0,0,145,0,145,10,0,0,1,1,,0,0,153,0,153,2,0,0,,1,1,0,0,0,
1536067091,0,12,1,0,0,0,146,0,146,10,0,0,1,1,,0,0,154,0,154,2,0,0,,1,1,0,0,0,
1536067096,0,12,1,0,0,0,147,0,147,10,0,0,1,1,,0,0,155,0,155,2,0,0,,2,2,0,0,0,
1536067102,0,12,1,0,0,0,148,0,148,10,0,0,1,1,,0,0,156,0,156,2,0,0,,1,1,0,0,0,
1536067107,0,12,1,0,0,0,149,0,149,10,0,0,1,1,,0,0,157,0,157,2,0,0,,1,1,0,0,0,
1536067107,0,12,1,0,0,0,150,0,150,10,0,0,1,1,,0,0,158,0,158,2,0,0,,2,2,0,0,0,
1536067113,0,12,1,0,0,0,151,0,151,10,0,0,1,1,,0,0,159,0,159,2,0,0,,1,1,0,0,0,
1536067118,0,13,1,0,0,0,152,0,152,10,0,0,1,1,,0,0,160,0,160,2,0,0,,1,1,0,0,0,
1536067123,0,13,1,0,0,0,153,0,153,10,0,0,1,1,,0,0,161,0,161,2,0,0,,2,2,0,0,0,
1536067129,0,13,1,0,0,0,154,0,154,10,0,0,1,1,,0,0,162,0,162,2,0,0,,1,1,0,0,0,
1536067134,0,13,1,0,0,0,155,0,155,10,0,0,1,1,,0,0,163,0,163,2,0,0,,1,1,0,0,0,
1536067140,0,13,1,0,0,0,156,0,156,10,0,0,1,1,,0,0,164,0,164,2,0,0,,2,2,0,0,0,
1536067145,0,13,1,0,0,0,157,0,157,10,0,0,1,1,,0,0,165,0,165,2,0,0,,1,1,0,0,0,
1536067151,0,13,1,0,0,0,158,0,158,10,0,0,1,1,,0,0,166,0,166,2,0,0,,1,1,0,0,0,
1536067156,0,13,1,0,0,0,159,0,159,10,0,0,1,1,,0,0,167,0,167,2,0,0,,2,2,0,0,0,
1536067162,0,13,1,0,0,0,160,0,160,10,0,0,1,1,,0,0,168,0,168,2,0,0,,1,1,0,0,0,
1536067167,0,13,1,0,0,0,161,0,161,10,0,0,1,1,,0,0,169,0,169,2,0,0,,1,1,0,0,0,
1536067167,0,13,1,0,0,0,162,0,162,10,0,0,1,1,,0,0,170,0,170,2,0,0,,2,2,0,0,0,
1536067173,0,13,1,0,0,0,163,0,163,10,0,0,1,1,,0,0,171,0,171,2,0,0,,1,1,0,0,0,
1536067178,0,14,1,0,0,0,164,0,164,10,0,0,1,1,,0,0,172,0,172,2,0,0,,1,1,0,0,0,
1536067184,0,14,1,0,0,0,165,0,165,10,0,0,1,1,,0,0,173,0,173,2,0,0,,2,2,0,0,0,
1536067189,0,14,1,0,0,0,166,0,166,10,0,0,1,1,,0,0,174,0,174,2,0,0,,1,1,0,0,0,
1536067195,0,14,1,0,0,0,167,0,167,10,0,0,1,1,,0,0,175,0,175,2,0,0,,1,1,0,0,0,
1536067200,0,14,1,0,0,0,168,0,168,10,0,0,1,1,,0,0,176,0,176,2,0,0,,2,2,0,0,0,
1536067205,0,14,1,0,0,0,169,0,169,10,0,0,1,1,,0,0,177,0,177,2,0,0,,1,1,0,0,0,
1536067211,0,14,1,0,0,0,170,0,170,10,0,0,1,1,,0,0,178,0,178,2,0,0,,1,1,0,0,0,
1536067216,0,14,1,0,0,0,171,0,171,10,0,0,1,1,,0,0,179,0,179,2,0,0,,2,2,0,0,0,
1536067222,0,14,1,0,0,0,172,0,172,10,0,0,1,1,,0,0,180,0,180,2,0,0,,1,1,0,0,0,
1536067227,0,14,1,0,0,0,173,0,173,10,0,0,1,1,,0,0,181,0,181,2,0,0,,1,1,0,0,0,
1536067227,0,14,1,0,0,0,174,0,174,10,0,0,1,1,,0,0,182,0,182,2,0,0,,2,2,0,0,0,
1536067233,0,14,1,0,0,0,175,0,175,10,0,0,1,1,,0,0,183,0,183,2,0,0,,1,1,0,0,0,
1536067238,0,15,1,0,0,0,176,0,176,10,0,0,1,1,,0,0,184,0,184,2,0,0,,1,1,0,0,0,
1536067244,0,15,1,0,0,0,177,0,177,10,0,0,1,1,,0,0,185,0,185,2,0,0,,2,2,0,0,0,
1536067249,0,15,1,0,0,0,178,0,178,10,0,0,1,1,,0,0,186,0,186,2,0,0,,1,1,0,0,0,
1536067255,0,15,1,0,0,0,179,0,179,10,0,0,1,1,,0,0,187,0,187,2,0,0,,1,1,0,0,0,
1536067260,0,15,1,0,0,0,180,0,180,10,0,0,1,1,,0,0,188,0,188,2,0,0,,2,2,0,0,0,
1536067266,0,15,1,0,0,0,181,0,181,10,0,0,1,1,,0,0,189,0,189,2,0,0,,1,1,0,0,0,
1536067271,0,15,1,0,0,0,182,0,182,10,0,0,1,1,,0,0,190,0,190,2,0,0,,1,1,0,0,0,
1536067277,0,15,1,0,0,0,183,0,183,10,0,0,1,1,,0,0,191,0,191,2,0,0,,2,2,0,0,0,
1536067282,0,15,1,0,0,0,184,0,184,10,0,0,1,1,,0,0,192,0,192,2,0,0,,1,1,0,0,0,
1536067282,0,15,1,0,0,0,184,0,184,11,0,0,1,1,,0,0,193,0,193,2,0,0,,1,1,0,0,0,
1536067287,0,15,1,0,0,0,185,0,185,11,0,0,1,1,,0,0,194,0,194,2,0,0,,2,2,0,0,0,
1536067293,0,15,1,0,0,0,186,0,186,11,0,0,1,1,,0,0,195,0,195,2,0,0,,1,1,0,0,0,
1536067298,0,16,1,0,0,0,187,0,187,11,0,0,1,1,,0,0,196,0,196,2,0,0,,1,1,0,0,0,
1536067304,0,16,1,0,0,0,188,0,188,11,0,0,1,1,,0,0,197,0,197,2,0,0,,2,2,0,0,0,
1536067309,0,16,1,0,0,0,189,0,189,11,0,0,1,1,,0,0,198,0,198,2,0,0,,1,1,0,0,0,
1536067315,0,16,1,0,0,0,190,0,190,11,0,0,1,1,,0,0,199,0,199,2,0,0,,1,1,0,0,0,
1536067320,0,16,1,0,0,0,191,0,191,11,0,0,1,1,,0,0,200,0,200,2,0,0,,2,2,0,0,0,
1536067326,0,16,1,0,0,0,192,0,192,11,0,0,1,1,,0,0,201,0,201,2,0,0,,1,1,0,0,0,
1536067331,0,16,1,0,0,0,193,0,193,11,0,0,1,1,,0,0,202,0,202,2,0,0,,1,1,0,0,0,
1536067337,0,16,1,0,0,0,194,0,194,11,0,0,1,1,,0,0,203,0,203,2,0,0,,2,2,0,0,0,
1536067342,0,16,1,0,0,0,195,0,195,11,0,0,1,1,,0,0,204,0,204,2,0,0,,1,1,0,0,0,
1536067342,0,16,1,0,0,0,196,0,196,11,0,0,1,1,,0,0,205,0,205,2,0,0,,1,1,0,0,0,
1536067348,0,16,1,0,0,0,197,0,197,11,0,0,1,1,,0,0,206,0,206,2,0,0,,2,2,0,0,0,
1536067353,0,16,1,0,0,0,198,0,198,11,0,0,1,1,,0,0,207,0,207,2,0,0,,1,1,0,0,0,
1536067359,0,17,1,0,0,0,199,0,199,11,0,0,1,1,,0,0,208,0,208,2,0,0,,1,1,0,0,0,
1536067364,0,17,1,0,0,0,200,0,200,11,0,0,1,1,,0,0,209,0,209,2,0,0,,2,2,0,0,0,
1536067369,0,17,1,0,0,0,201,0,201,11,0,0,1,1,,0,0,210,0,210,2,0,0,,1,1,0,0,0,
1536067375,0,17,1,0,0,0,202,0,202,11,0,0,1,1,,0,0,211,0,211,2,0,0,,1,1,0,0,0,
1536067380,0,17,1,0,0,0,203,0,203,11,0,0,1,1,,0,0,212,0,212,2,0,0,,2,2,0,0,0,
1536067386,0,17,1,0,0,0,204,0,204,11,0,0,1,1,,0,0,213,0,213,2,0,0,,1,1,0,0,0,
1536067391,0,17,1,0,0,0,205,0,205,11,0,0,1,1,,0,0,214,0,214,2,0,0,,1,1,0,0,0,
1536067397,0,17,1,0,0,0,206,0,206,11,0,0,1,1,,0,0,215,0,215,2,0,0,,2,2,0,0,0,
1536067402,0,17,1,0,0,0,207,0,207,11,0,0,1,1,,0,0,216,0,216,2,0,0,,1,1,0,0,0,
1536067402,0,17,1,0,0,0,208,0,208,11,0,0,1,1,,0,0,217,0,217,2,0,0,,1,1,0,0,0,
1536067408,0,17,1,0,0,0,209,0,209,11,0,0,1,1,,0,0,218,0,218,2,0,0,,2,2,0,0,0,
1536067413,0,17,1,0,0,0,210,0,210,11,0,0,1,1,,0,0,219,0,219,2,0,0,,1,1,0,0,0,
1536067419,0,18,1,0,0,0,211,0,211,11,0,0,1,1,,0,0,220,0,220,2,0,0,,1,1,0,0,0,
1536067424,0,18,1,0,0,0,212,0,212,11,0,0,1,1,,0,0,221,0,221,2,0,0,,2,2,0,0,0,
1536067430,0,18,1,0,0,0,213,0,213,11,0,0,1,1,,0,0,222,0,222,2,0,0,,1,1,0,0,0,
1536067435,0,18,1,0,0,0,214,0,214,11,0,0,1,1,,0,0,223,0,223,2,0,0,,1,1,0,0,0,
1536067441,0,18,1,0,0,0,215,0,215,11,0,0,1,1,,0,0,224,0,224,2,0,0,,2,2,0,0,0,
1536067446,0,18,1,0,0,0,216,0,216,11,0,0,1,1,,0,0,225,0,225,2,0,0,,1,1,0,0,0,
1536067451,0,18,1,0,0,0,217,0,217,11,0,0,1,1,,0,0,226,0,226,2,0,0,,1,1,0,0,0,
1536067457,0,18,1,0,0,0,218,0,218,11,0,0,1,1,,0,0,227,0,227,2,0,0,,2,2,0,0,0,
1536067457,0,18,1,0,0,0,219,0,219,11,0,0,1,1,,0,0,228,0,228,2,0,0,,1,1,0,0,0,
1536067462,0,18,1,0,0,0,220,0,220,11,0,0,1,1,,0,0,229,0,229,2,0,0,,1,1,0,0,0,
1536067468,0,18,1,0,0,0,221,0,221,11,0,0,1,1,,0,0,230,0,230,2,0,0,,2,2,0,0,0,
1536067473,0,18,1,0,0,0,222,0,222,11,0,0,1,1,,0,0,231,0,231,2,0,0,,1,1,0,0,0,
1536067479,0,19,1,0,0,0,223,0,223,11,0,0,1,1,,0,0,232,0,232,2,0,0,,1,1,0,0,0,
1536067484,0,19,1,0,0,0,224,0,224,11,0,0,1,1,,0,0,233,0,233,2,0,0,,2,2,0,0,0,
1536067490,0,19,1,0,0,0,225,0,225,11,0,0,1,1,,0,0,234,0,234,2,0,0,,1,1,0,0,0,
1536067495,0,19,1,0,0,0,226,0,226,11,0,0,1,1,,0,0,235,0,235,2,0,0,,1,1,0,0,0,
1536067501,0,19,1,0,0,0,227,0,227,11,0,0,1,1,,0,0,236,0,236,2,0,0,,2,2,0,0,0,
1536067506,0,19,1,0,0,0,228,0,228,11,0,0,1,1,,0,0,237,0,237,2,0,0,,1,1,0,0,0,
1536067512,0,19,1,0,0,0,229,0,229,11,0,0,1,1,,0,0,238,0,238,2,0,0,,1,1,0,0,0,
1536067517,0,19,1,0,0,0,230,0,230,11,0,0,1,1,,0,0,239,0,239,2,0,0,,2,2,0,0,0,
1536067517,0,19,1,0,0,0,230,0,230,12,0,0,1,1,,0,0,240,0,240,2,0,0,,1,1,0,0,0,
1536067395,0,19,1,0,0,0,231,0,231,12,0,0,1,1,,0,0,241,0,241,2,0,0,,1,1,0,0,0,
1536067528,0,19,1,0,0,0,232,0,232,12,0,0,1,1,,0,0,242,0,242,2,0,0,,2,2,0,0,0,
1536067533,0,19,1,0,0,0,233,0,233,12,0,0,1,1,,0,0,243,0,243,2,0,0,,1,1,0,0,0,
1536067539,0,20,1,0,0,0,234,0,234,12,0,0,1,1,,0,0,244,0,244,2,0,0,,1,1,0,0,0,
1536067544,0,20,1,0,0,0,235,0,235,12,0,0,1,1,,0,0,245,0,245,2,0,0,,2,2,0,0,0,
1536067550,0,20,1,0,0,0,236,0,236,12,0,0,1,1,,0,0,246,0,246,2,0,0,,1,1,0,0,0,
1536067555,0,20,1,0,0,0,237,0,237,12,0,0,1,1,,0,0,247,0,247,2,0,0,,1,1,0,0,0,
1536067561,0,20,1,0,0,0,238,0,238,12,0,0,1,1,,0,0,248,0,248,2,0,0,,2,2,0,0,0,
1536067566,0,20,1,0,0,0,239,0,239,12,0,0,1,1,,0,0,249,0,249,2,0,0,,1,1,0,0,0,
1536067572,0,20,1,0,0,0,240,0,240,12,0,0,1,1,,0,0,250,0,250,2,0,0,,1,1,0,0,0,
1536067577,0,20,1,0,0,0,241,0,241,12,0,0,1,1,,0,0,251,0,251,2,0,0,,2,2,0,0,0,
1536067577,0,20,1,0,0,0,242,0,242,12,0,0,1,1,,0,0,252,0,252,2,0,0,,1,1,0,0,0,
1536067583,0,20,1,0,0,0,243,0,243,12,0,0,1,1,,0,0,253,0,253,2,0,0,,1,1,0,0,0,
1536067588,0,20,1,0,0,0,244,0,244,12,0,0,1,1,,0,0,254,0,254,2,0,0,,2,2,0,0,0,
1536067594,0,20,1,0,0,0,245,0,245,12,0,0,1,1,,0,0,255,0,255,2,0,0,,1,1,0,0,0,
1536067599,0,21,1,0,0,0,246,0,246,12,0,0,1,1,,0,0,256,0,256,2,0,0,,1,1,0,0,0,
1536067605,0,21,1,0,0,0,247,0,247,12,0,0,1,1,,0,0,257,0,257,2,0,0,,2,2,0,0,0,
1536067610,0,21,1,0,0,0,248,0,248,12,0,0,1,1,,0,0,258,0,258,2,0,0,,1,1,0,0,0,
1536067616,0,21,1,0,0,0,249,0,249,12,0,0,1,1,,0,0,259,0,259,2,0,0,,1,1,0,0,0,
1536067621,0,21,1,0,0,0,250,0,250,12,0,0,1,1,,0,0,260,0,260,2,0,0,,2,2,0,0,0,
1536067626,0,21,1,0,0,0,251,0,251,12,0,0,1,1,,0,0,261,0,261,2,0,0,,1,1,0,0,0,
1536067632,0,21,1,0,0,0,252,0,252,12,0,0,1,1,,0,0,262,0,262,2,0,0,,1,1,0,0,0,
1536067637,0,21,1,0,0,0,253,0,253,12,0,0,1,1,,0,0,263,0,263,2,0,0,,2,2,0,0,0,
1536067637,0,21,1,0,0,0,254,0,254,12,0,0,1,1,,0,0,264,0,264,2,0,0,,1,1,0,0,0,
1536067643,0,21,1,0,0,0,255,0,255,12,0,0,1,1,,0,0,265,0,265,2,0,0,,1,1,0,0,0,
1536067648,0,21,1,0,0,0,256,0,256,12,0,0,1,1,,0,0,266,0,266,2,0,0,,2,2,0,0,0,
1536067654,0,21,1,0,0,0,257,0,257,12,0,0,1,1,,0,0,267,0,267,2,0,0,,1,1,0,0,0,
1536067659,0,22,1,0,0,0,258,0,258,12,0,0,1,1,,0,0,268,0,268,2,0,0,,1,1,0,0,0,
1536067665,0,22,1,0,0,0,259,0,259,12,0,0,1,1,,0,0,269,0,269,2,0,0,,2,2,0,0,0,
1536067670,0,22,1,0,0,0,260,0,260,12,0,0,1,1,,0,0,270,0,270,2,0,0,,1,1,0,0,0,
1536067676,0,22,1,0,0,0,261,0,261,12,0,0,1,1,,0,0,271,0,271,2,0,0,,1,1,0,0,0,
1536067681,0,22,1,0,0,0,262,0,262,12,0,0,1,1,,0,0,272,0,272,2,0,0,,2,2,0,0,0,
1536067687,0,22,1,0,0,0,263,0,263,12,0,0,1,1,,0,0,273,0,273,2,0,0,,1,1,0,0,0,
1536067692,0,22,1,0,0,0,264,0,264,12,0,0,1,1,,0,0,274,0,274,2,0,0,,1,1,0,0,0,
1536067692,0,22,1,0,0,0,264,0,264,13,0,0,1,1,,0,0,275,0,275,2,0,0,,2,2,0,0,0,
1536067698,0,22,1,0,0,0,265,0,265,13,0,0,1,1,,0,0,276,0,276,2,0,0,,1,1,0,0,0,
1536067703,0,22,1,0,0,0,266,0,266,13,0,0,1,1,,0,0,277,0,277,2,0,0,,1,1,0,0,0,
1536067708,0,22,1,0,0,0,267,0,267,13,0,0,1,1,,0,0,278,0,278,2,0,0,,2,2,0,0,0,
1536067714,0,22,1,0,0,0,268,0,268,13,0,0,1,1,,0,0,279,0,279,2,0,0,,1,1,0,0,0,
