trial identifier,start time,end time
trial1,1536075238,1536075353,
trial6,1536075474,1536075644,
trial3,1536075928,1536076000,
trial6,1536076558,1536076723,
trial3,1536076876,1536076947,
trial20,1536077210,1536078709,
trial21,1536078863,1536080602,
trial22,1536080602,1536081494,
trial20,1536081549,1536083041,
trial22,1536086789,1536087681,
trial21,1536088420,1536090155,
trial20,1536090549,1536092037,
trial2,1536092398,1536092518,
trial1,1530844652,1536092698,
trial2,1536093423,1536093536,
trial1,1536101366,1536101481,
trial20,1536101645,1536103145,
trial21,1536103145,1536104894,
trial22,1536104894,1536105785,
